file_path,thumbnail,set_key,langs,width,height
https://skillnet.hum.uu.nl/data/A/Antonio-Perez-Relaciones-Paris-1624-13-334/013.jpg,https://skillnet.hum.uu.nl/data/A/Antonio-Perez-Relaciones-Paris-1624-13-334/013-thumb.jpg,Antonio-Perez-Relaciones-Paris-1624-13-334,SPAN,2259,3000
https://skillnet.hum.uu.nl/data/A/Antonio-Perez-Relaciones-Paris-1624-13-334/014.jpg,https://skillnet.hum.uu.nl/data/A/Antonio-Perez-Relaciones-Paris-1624-13-334/014-thumb.jpg,Antonio-Perez-Relaciones-Paris-1624-13-334,SPAN,2119,3000
https://skillnet.hum.uu.nl/data/A/Antonio-Perez-Relaciones-Paris-1624-13-334/015.jpg,https://skillnet.hum.uu.nl/data/A/Antonio-Perez-Relaciones-Paris-1624-13-334/015-thumb.jpg,Antonio-Perez-Relaciones-Paris-1624-13-334,SPAN,2179,3000
https://skillnet.hum.uu.nl/data/A/Antonio-Perez-Relaciones-Paris-1624-13-334/016.jpg,https://skillnet.hum.uu.nl/data/A/Antonio-Perez-Relaciones-Paris-1624-13-334/016-thumb.jpg,Antonio-Perez-Relaciones-Paris-1624-13-334,SPAN,2130,3000
https://skillnet.hum.uu.nl/data/A/Antonio-Perez-Relaciones-Paris-1624-13-334/017.jpg,https://skillnet.hum.uu.nl/data/A/Antonio-Perez-Relaciones-Paris-1624-13-334/017-thumb.jpg,Antonio-Perez-Relaciones-Paris-1624-13-334,SPAN,2239,3000
https://skillnet.hum.uu.nl/data/A/Antonio-Perez-Relaciones-Paris-1624-13-334/018.jpg,https://skillnet.hum.uu.nl/data/A/Antonio-Perez-Relaciones-Paris-1624-13-334/018-thumb.jpg,Antonio-Perez-Relaciones-Paris-1624-13-334,SPAN,2139,3000
https://skillnet.hum.uu.nl/data/A/Antonio-Perez-Relaciones-Paris-1624-13-334/019.jpg,https://skillnet.hum.uu.nl/data/A/Antonio-Perez-Relaciones-Paris-1624-13-334/019-thumb.jpg,Antonio-Perez-Relaciones-Paris-1624-13-334,SPAN,2109,3000
https://skillnet.hum.uu.nl/data/A/Antonio-Perez-Relaciones-Paris-1624-13-334/020.jpg,https://skillnet.hum.uu.nl/data/A/Antonio-Perez-Relaciones-Paris-1624-13-334/020-thumb.jpg,Antonio-Perez-Relaciones-Paris-1624-13-334,SPAN,2155,3000
https://skillnet.hum.uu.nl/data/A/Antonio-Perez-Relaciones-Paris-1624-13-334/021.jpg,https://skillnet.hum.uu.nl/data/A/Antonio-Perez-Relaciones-Paris-1624-13-334/021-thumb.jpg,Antonio-Perez-Relaciones-Paris-1624-13-334,SPAN,2214,3000
https://skillnet.hum.uu.nl/data/A/Antonio-Perez-Relaciones-Paris-1624-13-334/022.jpg,https://skillnet.hum.uu.nl/data/A/Antonio-Perez-Relaciones-Paris-1624-13-334/022-thumb.jpg,Antonio-Perez-Relaciones-Paris-1624-13-334,SPAN,2160,3000
https://skillnet.hum.uu.nl/data/A/Antonio-Perez-Relaciones-Paris-1624-13-334/023.jpg,https://skillnet.hum.uu.nl/data/A/Antonio-Perez-Relaciones-Paris-1624-13-334/023-thumb.jpg,Antonio-Perez-Relaciones-Paris-1624-13-334,SPAN,2187,3000
https://skillnet.hum.uu.nl/data/A/Antonio-Perez-Relaciones-Paris-1624-13-334/024.jpg,https://skillnet.hum.uu.nl/data/A/Antonio-Perez-Relaciones-Paris-1624-13-334/024-thumb.jpg,Antonio-Perez-Relaciones-Paris-1624-13-334,SPAN,2172,3000
https://skillnet.hum.uu.nl/data/A/Antonio-Perez-Relaciones-Paris-1624-13-334/025.jpg,https://skillnet.hum.uu.nl/data/A/Antonio-Perez-Relaciones-Paris-1624-13-334/025-thumb.jpg,Antonio-Perez-Relaciones-Paris-1624-13-334,SPAN,2178,3000
https://skillnet.hum.uu.nl/data/A/Antonio-Perez-Relaciones-Paris-1624-13-334/026.jpg,https://skillnet.hum.uu.nl/data/A/Antonio-Perez-Relaciones-Paris-1624-13-334/026-thumb.jpg,Antonio-Perez-Relaciones-Paris-1624-13-334,SPAN,2157,3000
https://skillnet.hum.uu.nl/data/A/Antonio-Perez-Relaciones-Paris-1624-13-334/027.jpg,https://skillnet.hum.uu.nl/data/A/Antonio-Perez-Relaciones-Paris-1624-13-334/027-thumb.jpg,Antonio-Perez-Relaciones-Paris-1624-13-334,SPAN,2132,3000
https://skillnet.hum.uu.nl/data/A/Antonio-Perez-Relaciones-Paris-1624-13-334/028.jpg,https://skillnet.hum.uu.nl/data/A/Antonio-Perez-Relaciones-Paris-1624-13-334/028-thumb.jpg,Antonio-Perez-Relaciones-Paris-1624-13-334,SPAN,2145,3000
https://skillnet.hum.uu.nl/data/A/Antonio-Perez-Relaciones-Paris-1624-13-334/029.jpg,https://skillnet.hum.uu.nl/data/A/Antonio-Perez-Relaciones-Paris-1624-13-334/029-thumb.jpg,Antonio-Perez-Relaciones-Paris-1624-13-334,SPAN,2127,3000
https://skillnet.hum.uu.nl/data/A/Antonio-Perez-Relaciones-Paris-1624-13-334/030.jpg,https://skillnet.hum.uu.nl/data/A/Antonio-Perez-Relaciones-Paris-1624-13-334/030-thumb.jpg,Antonio-Perez-Relaciones-Paris-1624-13-334,SPAN,2146,3000
https://skillnet.hum.uu.nl/data/A/Antonio-Perez-Relaciones-Paris-1624-13-334/031.jpg,https://skillnet.hum.uu.nl/data/A/Antonio-Perez-Relaciones-Paris-1624-13-334/031-thumb.jpg,Antonio-Perez-Relaciones-Paris-1624-13-334,SPAN,2128,3000
https://skillnet.hum.uu.nl/data/A/Antonio-Perez-Relaciones-Paris-1624-13-334/032.jpg,https://skillnet.hum.uu.nl/data/A/Antonio-Perez-Relaciones-Paris-1624-13-334/032-thumb.jpg,Antonio-Perez-Relaciones-Paris-1624-13-334,SPAN,2168,3000
https://skillnet.hum.uu.nl/data/A/Antonio-Perez-Relaciones-Paris-1624-13-334/033.jpg,https://skillnet.hum.uu.nl/data/A/Antonio-Perez-Relaciones-Paris-1624-13-334/033-thumb.jpg,Antonio-Perez-Relaciones-Paris-1624-13-334,SPAN,2180,3000
https://skillnet.hum.uu.nl/data/A/Antonio-Perez-Relaciones-Paris-1624-13-334/034.jpg,https://skillnet.hum.uu.nl/data/A/Antonio-Perez-Relaciones-Paris-1624-13-334/034-thumb.jpg,Antonio-Perez-Relaciones-Paris-1624-13-334,SPAN,2142,3000
https://skillnet.hum.uu.nl/data/A/Antonio-Perez-Relaciones-Paris-1624-13-334/035.jpg,https://skillnet.hum.uu.nl/data/A/Antonio-Perez-Relaciones-Paris-1624-13-334/035-thumb.jpg,Antonio-Perez-Relaciones-Paris-1624-13-334,SPAN,2178,3000
https://skillnet.hum.uu.nl/data/A/Antonio-Perez-Relaciones-Paris-1624-13-334/036.jpg,https://skillnet.hum.uu.nl/data/A/Antonio-Perez-Relaciones-Paris-1624-13-334/036-thumb.jpg,Antonio-Perez-Relaciones-Paris-1624-13-334,SPAN,2197,3000
https://skillnet.hum.uu.nl/data/A/Antonio-Perez-Relaciones-Paris-1624-13-334/037.jpg,https://skillnet.hum.uu.nl/data/A/Antonio-Perez-Relaciones-Paris-1624-13-334/037-thumb.jpg,Antonio-Perez-Relaciones-Paris-1624-13-334,SPAN,2181,3000
https://skillnet.hum.uu.nl/data/A/Antonio-Perez-Relaciones-Paris-1624-13-334/038.jpg,https://skillnet.hum.uu.nl/data/A/Antonio-Perez-Relaciones-Paris-1624-13-334/038-thumb.jpg,Antonio-Perez-Relaciones-Paris-1624-13-334,SPAN,2189,3000
https://skillnet.hum.uu.nl/data/A/Antonio-Perez-Relaciones-Paris-1624-13-334/039.jpg,https://skillnet.hum.uu.nl/data/A/Antonio-Perez-Relaciones-Paris-1624-13-334/039-thumb.jpg,Antonio-Perez-Relaciones-Paris-1624-13-334,SPAN,2201,3000
https://skillnet.hum.uu.nl/data/A/Antonio-Perez-Relaciones-Paris-1624-13-334/040.jpg,https://skillnet.hum.uu.nl/data/A/Antonio-Perez-Relaciones-Paris-1624-13-334/040-thumb.jpg,Antonio-Perez-Relaciones-Paris-1624-13-334,SPAN,2196,3000
https://skillnet.hum.uu.nl/data/A/Antonio-Perez-Relaciones-Paris-1624-13-334/041.jpg,https://skillnet.hum.uu.nl/data/A/Antonio-Perez-Relaciones-Paris-1624-13-334/041-thumb.jpg,Antonio-Perez-Relaciones-Paris-1624-13-334,SPAN,2177,3000
https://skillnet.hum.uu.nl/data/A/Antonio-Perez-Relaciones-Paris-1624-13-334/042.jpg,https://skillnet.hum.uu.nl/data/A/Antonio-Perez-Relaciones-Paris-1624-13-334/042-thumb.jpg,Antonio-Perez-Relaciones-Paris-1624-13-334,SPAN,2185,3000
https://skillnet.hum.uu.nl/data/A/Antonio-Perez-Relaciones-Paris-1624-13-334/043.jpg,https://skillnet.hum.uu.nl/data/A/Antonio-Perez-Relaciones-Paris-1624-13-334/043-thumb.jpg,Antonio-Perez-Relaciones-Paris-1624-13-334,SPAN,2187,3000
https://skillnet.hum.uu.nl/data/A/Antonio-Perez-Relaciones-Paris-1624-13-334/044.jpg,https://skillnet.hum.uu.nl/data/A/Antonio-Perez-Relaciones-Paris-1624-13-334/044-thumb.jpg,Antonio-Perez-Relaciones-Paris-1624-13-334,SPAN,2175,3000
https://skillnet.hum.uu.nl/data/A/Antonio-Perez-Relaciones-Paris-1624-13-334/045.jpg,https://skillnet.hum.uu.nl/data/A/Antonio-Perez-Relaciones-Paris-1624-13-334/045-thumb.jpg,Antonio-Perez-Relaciones-Paris-1624-13-334,SPAN,2163,3000
https://skillnet.hum.uu.nl/data/A/Antonio-Perez-Relaciones-Paris-1624-13-334/046.jpg,https://skillnet.hum.uu.nl/data/A/Antonio-Perez-Relaciones-Paris-1624-13-334/046-thumb.jpg,Antonio-Perez-Relaciones-Paris-1624-13-334,SPAN,2161,3000
https://skillnet.hum.uu.nl/data/A/Antonio-Perez-Relaciones-Paris-1624-13-334/047.jpg,https://skillnet.hum.uu.nl/data/A/Antonio-Perez-Relaciones-Paris-1624-13-334/047-thumb.jpg,Antonio-Perez-Relaciones-Paris-1624-13-334,SPAN,2127,3000
https://skillnet.hum.uu.nl/data/A/Antonio-Perez-Relaciones-Paris-1624-13-334/048.jpg,https://skillnet.hum.uu.nl/data/A/Antonio-Perez-Relaciones-Paris-1624-13-334/048-thumb.jpg,Antonio-Perez-Relaciones-Paris-1624-13-334,SPAN,2170,3000
https://skillnet.hum.uu.nl/data/A/Antonio-Perez-Relaciones-Paris-1624-13-334/049.jpg,https://skillnet.hum.uu.nl/data/A/Antonio-Perez-Relaciones-Paris-1624-13-334/049-thumb.jpg,Antonio-Perez-Relaciones-Paris-1624-13-334,SPAN,2138,3000
https://skillnet.hum.uu.nl/data/A/Antonio-Perez-Relaciones-Paris-1624-13-334/050.jpg,https://skillnet.hum.uu.nl/data/A/Antonio-Perez-Relaciones-Paris-1624-13-334/050-thumb.jpg,Antonio-Perez-Relaciones-Paris-1624-13-334,SPAN,2132,3000
https://skillnet.hum.uu.nl/data/A/Antonio-Perez-Relaciones-Paris-1624-13-334/051.jpg,https://skillnet.hum.uu.nl/data/A/Antonio-Perez-Relaciones-Paris-1624-13-334/051-thumb.jpg,Antonio-Perez-Relaciones-Paris-1624-13-334,SPAN,2175,3000
https://skillnet.hum.uu.nl/data/A/Antonio-Perez-Relaciones-Paris-1624-13-334/052.jpg,https://skillnet.hum.uu.nl/data/A/Antonio-Perez-Relaciones-Paris-1624-13-334/052-thumb.jpg,Antonio-Perez-Relaciones-Paris-1624-13-334,SPAN,2183,3000
https://skillnet.hum.uu.nl/data/A/Antonio-Perez-Relaciones-Paris-1624-13-334/053.jpg,https://skillnet.hum.uu.nl/data/A/Antonio-Perez-Relaciones-Paris-1624-13-334/053-thumb.jpg,Antonio-Perez-Relaciones-Paris-1624-13-334,SPAN,2173,3000
https://skillnet.hum.uu.nl/data/A/Antonio-Perez-Relaciones-Paris-1624-13-334/054.jpg,https://skillnet.hum.uu.nl/data/A/Antonio-Perez-Relaciones-Paris-1624-13-334/054-thumb.jpg,Antonio-Perez-Relaciones-Paris-1624-13-334,SPAN,2140,3000
https://skillnet.hum.uu.nl/data/A/Antonio-Perez-Relaciones-Paris-1624-13-334/055.jpg,https://skillnet.hum.uu.nl/data/A/Antonio-Perez-Relaciones-Paris-1624-13-334/055-thumb.jpg,Antonio-Perez-Relaciones-Paris-1624-13-334,SPAN,2207,3000
https://skillnet.hum.uu.nl/data/A/Antonio-Perez-Relaciones-Paris-1624-13-334/056.jpg,https://skillnet.hum.uu.nl/data/A/Antonio-Perez-Relaciones-Paris-1624-13-334/056-thumb.jpg,Antonio-Perez-Relaciones-Paris-1624-13-334,SPAN,2119,3000
https://skillnet.hum.uu.nl/data/A/Antonio-Perez-Relaciones-Paris-1624-13-334/057.jpg,https://skillnet.hum.uu.nl/data/A/Antonio-Perez-Relaciones-Paris-1624-13-334/057-thumb.jpg,Antonio-Perez-Relaciones-Paris-1624-13-334,SPAN,2184,3000
https://skillnet.hum.uu.nl/data/A/Antonio-Perez-Relaciones-Paris-1624-13-334/058.jpg,https://skillnet.hum.uu.nl/data/A/Antonio-Perez-Relaciones-Paris-1624-13-334/058-thumb.jpg,Antonio-Perez-Relaciones-Paris-1624-13-334,SPAN,2126,3000
https://skillnet.hum.uu.nl/data/A/Antonio-Perez-Relaciones-Paris-1624-13-334/059.jpg,https://skillnet.hum.uu.nl/data/A/Antonio-Perez-Relaciones-Paris-1624-13-334/059-thumb.jpg,Antonio-Perez-Relaciones-Paris-1624-13-334,SPAN,2268,3000
https://skillnet.hum.uu.nl/data/A/Antonio-Perez-Relaciones-Paris-1624-13-334/060.jpg,https://skillnet.hum.uu.nl/data/A/Antonio-Perez-Relaciones-Paris-1624-13-334/060-thumb.jpg,Antonio-Perez-Relaciones-Paris-1624-13-334,SPAN,2112,3000
https://skillnet.hum.uu.nl/data/A/Antonio-Perez-Relaciones-Paris-1624-13-334/061.jpg,https://skillnet.hum.uu.nl/data/A/Antonio-Perez-Relaciones-Paris-1624-13-334/061-thumb.jpg,Antonio-Perez-Relaciones-Paris-1624-13-334,SPAN,2231,3000
https://skillnet.hum.uu.nl/data/A/Antonio-Perez-Relaciones-Paris-1624-13-334/062.jpg,https://skillnet.hum.uu.nl/data/A/Antonio-Perez-Relaciones-Paris-1624-13-334/062-thumb.jpg,Antonio-Perez-Relaciones-Paris-1624-13-334,SPAN,2170,3000
https://skillnet.hum.uu.nl/data/A/Antonio-Perez-Relaciones-Paris-1624-13-334/063.jpg,https://skillnet.hum.uu.nl/data/A/Antonio-Perez-Relaciones-Paris-1624-13-334/063-thumb.jpg,Antonio-Perez-Relaciones-Paris-1624-13-334,SPAN,2194,3000
https://skillnet.hum.uu.nl/data/A/Antonio-Perez-Relaciones-Paris-1624-13-334/064.jpg,https://skillnet.hum.uu.nl/data/A/Antonio-Perez-Relaciones-Paris-1624-13-334/064-thumb.jpg,Antonio-Perez-Relaciones-Paris-1624-13-334,SPAN,2147,3000
https://skillnet.hum.uu.nl/data/A/Antonio-Perez-Relaciones-Paris-1624-13-334/065.jpg,https://skillnet.hum.uu.nl/data/A/Antonio-Perez-Relaciones-Paris-1624-13-334/065-thumb.jpg,Antonio-Perez-Relaciones-Paris-1624-13-334,SPAN,2192,3000
https://skillnet.hum.uu.nl/data/A/Antonio-Perez-Relaciones-Paris-1624-13-334/066.jpg,https://skillnet.hum.uu.nl/data/A/Antonio-Perez-Relaciones-Paris-1624-13-334/066-thumb.jpg,Antonio-Perez-Relaciones-Paris-1624-13-334,SPAN,2185,3000
https://skillnet.hum.uu.nl/data/A/Antonio-Perez-Relaciones-Paris-1624-13-334/067.jpg,https://skillnet.hum.uu.nl/data/A/Antonio-Perez-Relaciones-Paris-1624-13-334/067-thumb.jpg,Antonio-Perez-Relaciones-Paris-1624-13-334,SPAN,2201,3000
https://skillnet.hum.uu.nl/data/A/Antonio-Perez-Relaciones-Paris-1624-13-334/068.jpg,https://skillnet.hum.uu.nl/data/A/Antonio-Perez-Relaciones-Paris-1624-13-334/068-thumb.jpg,Antonio-Perez-Relaciones-Paris-1624-13-334,SPAN,2219,3000
https://skillnet.hum.uu.nl/data/A/Antonio-Perez-Relaciones-Paris-1624-13-334/069.jpg,https://skillnet.hum.uu.nl/data/A/Antonio-Perez-Relaciones-Paris-1624-13-334/069-thumb.jpg,Antonio-Perez-Relaciones-Paris-1624-13-334,SPAN,2210,3000
https://skillnet.hum.uu.nl/data/A/Antonio-Perez-Relaciones-Paris-1624-13-334/070.jpg,https://skillnet.hum.uu.nl/data/A/Antonio-Perez-Relaciones-Paris-1624-13-334/070-thumb.jpg,Antonio-Perez-Relaciones-Paris-1624-13-334,SPAN,2128,3000
https://skillnet.hum.uu.nl/data/A/Antonio-Perez-Relaciones-Paris-1624-13-334/071.jpg,https://skillnet.hum.uu.nl/data/A/Antonio-Perez-Relaciones-Paris-1624-13-334/071-thumb.jpg,Antonio-Perez-Relaciones-Paris-1624-13-334,SPAN,2185,3000
https://skillnet.hum.uu.nl/data/A/Antonio-Perez-Relaciones-Paris-1624-13-334/072.jpg,https://skillnet.hum.uu.nl/data/A/Antonio-Perez-Relaciones-Paris-1624-13-334/072-thumb.jpg,Antonio-Perez-Relaciones-Paris-1624-13-334,SPAN,2161,3000
https://skillnet.hum.uu.nl/data/A/Antonio-Perez-Relaciones-Paris-1624-13-334/073.jpg,https://skillnet.hum.uu.nl/data/A/Antonio-Perez-Relaciones-Paris-1624-13-334/073-thumb.jpg,Antonio-Perez-Relaciones-Paris-1624-13-334,SPAN,2254,3000
https://skillnet.hum.uu.nl/data/A/Antonio-Perez-Relaciones-Paris-1624-13-334/074.jpg,https://skillnet.hum.uu.nl/data/A/Antonio-Perez-Relaciones-Paris-1624-13-334/074-thumb.jpg,Antonio-Perez-Relaciones-Paris-1624-13-334,SPAN,2119,3000
https://skillnet.hum.uu.nl/data/A/Antonio-Perez-Relaciones-Paris-1624-13-334/075.jpg,https://skillnet.hum.uu.nl/data/A/Antonio-Perez-Relaciones-Paris-1624-13-334/075-thumb.jpg,Antonio-Perez-Relaciones-Paris-1624-13-334,SPAN,2199,3000
https://skillnet.hum.uu.nl/data/A/Antonio-Perez-Relaciones-Paris-1624-13-334/076.jpg,https://skillnet.hum.uu.nl/data/A/Antonio-Perez-Relaciones-Paris-1624-13-334/076-thumb.jpg,Antonio-Perez-Relaciones-Paris-1624-13-334,SPAN,2123,3000
https://skillnet.hum.uu.nl/data/A/Antonio-Perez-Relaciones-Paris-1624-13-334/077.jpg,https://skillnet.hum.uu.nl/data/A/Antonio-Perez-Relaciones-Paris-1624-13-334/077-thumb.jpg,Antonio-Perez-Relaciones-Paris-1624-13-334,SPAN,2226,3000
https://skillnet.hum.uu.nl/data/A/Antonio-Perez-Relaciones-Paris-1624-13-334/078.jpg,https://skillnet.hum.uu.nl/data/A/Antonio-Perez-Relaciones-Paris-1624-13-334/078-thumb.jpg,Antonio-Perez-Relaciones-Paris-1624-13-334,SPAN,2164,3000
https://skillnet.hum.uu.nl/data/A/Antonio-Perez-Relaciones-Paris-1624-13-334/079.jpg,https://skillnet.hum.uu.nl/data/A/Antonio-Perez-Relaciones-Paris-1624-13-334/079-thumb.jpg,Antonio-Perez-Relaciones-Paris-1624-13-334,SPAN,2204,3000
https://skillnet.hum.uu.nl/data/A/Antonio-Perez-Relaciones-Paris-1624-13-334/080.jpg,https://skillnet.hum.uu.nl/data/A/Antonio-Perez-Relaciones-Paris-1624-13-334/080-thumb.jpg,Antonio-Perez-Relaciones-Paris-1624-13-334,SPAN,2114,3000
https://skillnet.hum.uu.nl/data/A/Antonio-Perez-Relaciones-Paris-1624-13-334/081.jpg,https://skillnet.hum.uu.nl/data/A/Antonio-Perez-Relaciones-Paris-1624-13-334/081-thumb.jpg,Antonio-Perez-Relaciones-Paris-1624-13-334,SPAN,2216,3000
https://skillnet.hum.uu.nl/data/A/Antonio-Perez-Relaciones-Paris-1624-13-334/082.jpg,https://skillnet.hum.uu.nl/data/A/Antonio-Perez-Relaciones-Paris-1624-13-334/082-thumb.jpg,Antonio-Perez-Relaciones-Paris-1624-13-334,SPAN,2112,3000
https://skillnet.hum.uu.nl/data/A/Antonio-Perez-Relaciones-Paris-1624-13-334/083.jpg,https://skillnet.hum.uu.nl/data/A/Antonio-Perez-Relaciones-Paris-1624-13-334/083-thumb.jpg,Antonio-Perez-Relaciones-Paris-1624-13-334,SPAN,2217,3000
https://skillnet.hum.uu.nl/data/A/Antonio-Perez-Relaciones-Paris-1624-13-334/084.jpg,https://skillnet.hum.uu.nl/data/A/Antonio-Perez-Relaciones-Paris-1624-13-334/084-thumb.jpg,Antonio-Perez-Relaciones-Paris-1624-13-334,SPAN,2114,3000
https://skillnet.hum.uu.nl/data/A/Antonio-Perez-Relaciones-Paris-1624-13-334/085.jpg,https://skillnet.hum.uu.nl/data/A/Antonio-Perez-Relaciones-Paris-1624-13-334/085-thumb.jpg,Antonio-Perez-Relaciones-Paris-1624-13-334,SPAN,2198,3000
https://skillnet.hum.uu.nl/data/A/Antonio-Perez-Relaciones-Paris-1624-13-334/086.jpg,https://skillnet.hum.uu.nl/data/A/Antonio-Perez-Relaciones-Paris-1624-13-334/086-thumb.jpg,Antonio-Perez-Relaciones-Paris-1624-13-334,SPAN,2145,3000
https://skillnet.hum.uu.nl/data/A/Antonio-Perez-Relaciones-Paris-1624-13-334/087.jpg,https://skillnet.hum.uu.nl/data/A/Antonio-Perez-Relaciones-Paris-1624-13-334/087-thumb.jpg,Antonio-Perez-Relaciones-Paris-1624-13-334,SPAN,2216,3000
https://skillnet.hum.uu.nl/data/A/Antonio-Perez-Relaciones-Paris-1624-13-334/088.jpg,https://skillnet.hum.uu.nl/data/A/Antonio-Perez-Relaciones-Paris-1624-13-334/088-thumb.jpg,Antonio-Perez-Relaciones-Paris-1624-13-334,SPAN,2113,3000
https://skillnet.hum.uu.nl/data/A/Antonio-Perez-Relaciones-Paris-1624-13-334/089.jpg,https://skillnet.hum.uu.nl/data/A/Antonio-Perez-Relaciones-Paris-1624-13-334/089-thumb.jpg,Antonio-Perez-Relaciones-Paris-1624-13-334,SPAN,2224,3000
https://skillnet.hum.uu.nl/data/A/Antonio-Perez-Relaciones-Paris-1624-13-334/090.jpg,https://skillnet.hum.uu.nl/data/A/Antonio-Perez-Relaciones-Paris-1624-13-334/090-thumb.jpg,Antonio-Perez-Relaciones-Paris-1624-13-334,SPAN,2140,3000
https://skillnet.hum.uu.nl/data/A/Antonio-Perez-Relaciones-Paris-1624-13-334/091.jpg,https://skillnet.hum.uu.nl/data/A/Antonio-Perez-Relaciones-Paris-1624-13-334/091-thumb.jpg,Antonio-Perez-Relaciones-Paris-1624-13-334,SPAN,2148,3000
https://skillnet.hum.uu.nl/data/A/Antonio-Perez-Relaciones-Paris-1624-13-334/092.jpg,https://skillnet.hum.uu.nl/data/A/Antonio-Perez-Relaciones-Paris-1624-13-334/092-thumb.jpg,Antonio-Perez-Relaciones-Paris-1624-13-334,SPAN,2109,3000
https://skillnet.hum.uu.nl/data/A/Antonio-Perez-Relaciones-Paris-1624-13-334/093.jpg,https://skillnet.hum.uu.nl/data/A/Antonio-Perez-Relaciones-Paris-1624-13-334/093-thumb.jpg,Antonio-Perez-Relaciones-Paris-1624-13-334,SPAN,2166,3000
https://skillnet.hum.uu.nl/data/A/Antonio-Perez-Relaciones-Paris-1624-13-334/094.jpg,https://skillnet.hum.uu.nl/data/A/Antonio-Perez-Relaciones-Paris-1624-13-334/094-thumb.jpg,Antonio-Perez-Relaciones-Paris-1624-13-334,SPAN,2152,3000
https://skillnet.hum.uu.nl/data/A/Antonio-Perez-Relaciones-Paris-1624-13-334/095.jpg,https://skillnet.hum.uu.nl/data/A/Antonio-Perez-Relaciones-Paris-1624-13-334/095-thumb.jpg,Antonio-Perez-Relaciones-Paris-1624-13-334,SPAN,2257,3000
https://skillnet.hum.uu.nl/data/A/Antonio-Perez-Relaciones-Paris-1624-13-334/096.jpg,https://skillnet.hum.uu.nl/data/A/Antonio-Perez-Relaciones-Paris-1624-13-334/096-thumb.jpg,Antonio-Perez-Relaciones-Paris-1624-13-334,SPAN,2128,3000
https://skillnet.hum.uu.nl/data/A/Antonio-Perez-Relaciones-Paris-1624-13-334/097.jpg,https://skillnet.hum.uu.nl/data/A/Antonio-Perez-Relaciones-Paris-1624-13-334/097-thumb.jpg,Antonio-Perez-Relaciones-Paris-1624-13-334,SPAN,2249,3000
https://skillnet.hum.uu.nl/data/A/Antonio-Perez-Relaciones-Paris-1624-13-334/098.jpg,https://skillnet.hum.uu.nl/data/A/Antonio-Perez-Relaciones-Paris-1624-13-334/098-thumb.jpg,Antonio-Perez-Relaciones-Paris-1624-13-334,SPAN,2168,3000
https://skillnet.hum.uu.nl/data/A/Antonio-Perez-Relaciones-Paris-1624-13-334/099.jpg,https://skillnet.hum.uu.nl/data/A/Antonio-Perez-Relaciones-Paris-1624-13-334/099-thumb.jpg,Antonio-Perez-Relaciones-Paris-1624-13-334,SPAN,2230,3000
https://skillnet.hum.uu.nl/data/A/Antonio-Perez-Relaciones-Paris-1624-13-334/100.jpg,https://skillnet.hum.uu.nl/data/A/Antonio-Perez-Relaciones-Paris-1624-13-334/100-thumb.jpg,Antonio-Perez-Relaciones-Paris-1624-13-334,SPAN,2180,3000
https://skillnet.hum.uu.nl/data/A/Antonio-Perez-Relaciones-Paris-1624-13-334/101.jpg,https://skillnet.hum.uu.nl/data/A/Antonio-Perez-Relaciones-Paris-1624-13-334/101-thumb.jpg,Antonio-Perez-Relaciones-Paris-1624-13-334,SPAN,2158,3000
https://skillnet.hum.uu.nl/data/A/Antonio-Perez-Relaciones-Paris-1624-13-334/102.jpg,https://skillnet.hum.uu.nl/data/A/Antonio-Perez-Relaciones-Paris-1624-13-334/102-thumb.jpg,Antonio-Perez-Relaciones-Paris-1624-13-334,SPAN,2118,3000
https://skillnet.hum.uu.nl/data/A/Antonio-Perez-Relaciones-Paris-1624-13-334/103.jpg,https://skillnet.hum.uu.nl/data/A/Antonio-Perez-Relaciones-Paris-1624-13-334/103-thumb.jpg,Antonio-Perez-Relaciones-Paris-1624-13-334,SPAN,2249,3000
https://skillnet.hum.uu.nl/data/A/Antonio-Perez-Relaciones-Paris-1624-13-334/104.jpg,https://skillnet.hum.uu.nl/data/A/Antonio-Perez-Relaciones-Paris-1624-13-334/104-thumb.jpg,Antonio-Perez-Relaciones-Paris-1624-13-334,SPAN,2176,3000
https://skillnet.hum.uu.nl/data/A/Antonio-Perez-Relaciones-Paris-1624-13-334/105.jpg,https://skillnet.hum.uu.nl/data/A/Antonio-Perez-Relaciones-Paris-1624-13-334/105-thumb.jpg,Antonio-Perez-Relaciones-Paris-1624-13-334,SPAN,2193,3000
https://skillnet.hum.uu.nl/data/A/Antonio-Perez-Relaciones-Paris-1624-13-334/106.jpg,https://skillnet.hum.uu.nl/data/A/Antonio-Perez-Relaciones-Paris-1624-13-334/106-thumb.jpg,Antonio-Perez-Relaciones-Paris-1624-13-334,SPAN,2180,3000
https://skillnet.hum.uu.nl/data/A/Antonio-Perez-Relaciones-Paris-1624-13-334/107.jpg,https://skillnet.hum.uu.nl/data/A/Antonio-Perez-Relaciones-Paris-1624-13-334/107-thumb.jpg,Antonio-Perez-Relaciones-Paris-1624-13-334,SPAN,2219,3000
https://skillnet.hum.uu.nl/data/A/Antonio-Perez-Relaciones-Paris-1624-13-334/108.jpg,https://skillnet.hum.uu.nl/data/A/Antonio-Perez-Relaciones-Paris-1624-13-334/108-thumb.jpg,Antonio-Perez-Relaciones-Paris-1624-13-334,SPAN,2130,3000
https://skillnet.hum.uu.nl/data/A/Antonio-Perez-Relaciones-Paris-1624-13-334/109.jpg,https://skillnet.hum.uu.nl/data/A/Antonio-Perez-Relaciones-Paris-1624-13-334/109-thumb.jpg,Antonio-Perez-Relaciones-Paris-1624-13-334,SPAN,2187,3000
https://skillnet.hum.uu.nl/data/A/Antonio-Perez-Relaciones-Paris-1624-13-334/110.jpg,https://skillnet.hum.uu.nl/data/A/Antonio-Perez-Relaciones-Paris-1624-13-334/110-thumb.jpg,Antonio-Perez-Relaciones-Paris-1624-13-334,SPAN,2097,3000
https://skillnet.hum.uu.nl/data/A/Antonio-Perez-Relaciones-Paris-1624-13-334/111.jpg,https://skillnet.hum.uu.nl/data/A/Antonio-Perez-Relaciones-Paris-1624-13-334/111-thumb.jpg,Antonio-Perez-Relaciones-Paris-1624-13-334,SPAN,2170,3000
https://skillnet.hum.uu.nl/data/A/Antonio-Perez-Relaciones-Paris-1624-13-334/112.jpg,https://skillnet.hum.uu.nl/data/A/Antonio-Perez-Relaciones-Paris-1624-13-334/112-thumb.jpg,Antonio-Perez-Relaciones-Paris-1624-13-334,SPAN,2178,3000
https://skillnet.hum.uu.nl/data/A/Antonio-Perez-Relaciones-Paris-1624-13-334/113.jpg,https://skillnet.hum.uu.nl/data/A/Antonio-Perez-Relaciones-Paris-1624-13-334/113-thumb.jpg,Antonio-Perez-Relaciones-Paris-1624-13-334,SPAN,2166,3000
https://skillnet.hum.uu.nl/data/A/Antonio-Perez-Relaciones-Paris-1624-13-334/114.jpg,https://skillnet.hum.uu.nl/data/A/Antonio-Perez-Relaciones-Paris-1624-13-334/114-thumb.jpg,Antonio-Perez-Relaciones-Paris-1624-13-334,SPAN,2085,3000
https://skillnet.hum.uu.nl/data/A/Antonio-Perez-Relaciones-Paris-1624-13-334/115.jpg,https://skillnet.hum.uu.nl/data/A/Antonio-Perez-Relaciones-Paris-1624-13-334/115-thumb.jpg,Antonio-Perez-Relaciones-Paris-1624-13-334,SPAN,2152,3000
https://skillnet.hum.uu.nl/data/A/Antonio-Perez-Relaciones-Paris-1624-13-334/116.jpg,https://skillnet.hum.uu.nl/data/A/Antonio-Perez-Relaciones-Paris-1624-13-334/116-thumb.jpg,Antonio-Perez-Relaciones-Paris-1624-13-334,SPAN,2202,3000
https://skillnet.hum.uu.nl/data/A/Antonio-Perez-Relaciones-Paris-1624-13-334/117.jpg,https://skillnet.hum.uu.nl/data/A/Antonio-Perez-Relaciones-Paris-1624-13-334/117-thumb.jpg,Antonio-Perez-Relaciones-Paris-1624-13-334,SPAN,2202,3000
https://skillnet.hum.uu.nl/data/A/Antonio-Perez-Relaciones-Paris-1624-13-334/118.jpg,https://skillnet.hum.uu.nl/data/A/Antonio-Perez-Relaciones-Paris-1624-13-334/118-thumb.jpg,Antonio-Perez-Relaciones-Paris-1624-13-334,SPAN,2118,3000
https://skillnet.hum.uu.nl/data/A/Antonio-Perez-Relaciones-Paris-1624-13-334/119.jpg,https://skillnet.hum.uu.nl/data/A/Antonio-Perez-Relaciones-Paris-1624-13-334/119-thumb.jpg,Antonio-Perez-Relaciones-Paris-1624-13-334,SPAN,2121,3000
https://skillnet.hum.uu.nl/data/A/Antonio-Perez-Relaciones-Paris-1624-13-334/120.jpg,https://skillnet.hum.uu.nl/data/A/Antonio-Perez-Relaciones-Paris-1624-13-334/120-thumb.jpg,Antonio-Perez-Relaciones-Paris-1624-13-334,SPAN,2130,3000
https://skillnet.hum.uu.nl/data/A/Antonio-Perez-Relaciones-Paris-1624-13-334/121.jpg,https://skillnet.hum.uu.nl/data/A/Antonio-Perez-Relaciones-Paris-1624-13-334/121-thumb.jpg,Antonio-Perez-Relaciones-Paris-1624-13-334,SPAN,2121,3000
https://skillnet.hum.uu.nl/data/A/Antonio-Perez-Relaciones-Paris-1624-13-334/122.jpg,https://skillnet.hum.uu.nl/data/A/Antonio-Perez-Relaciones-Paris-1624-13-334/122-thumb.jpg,Antonio-Perez-Relaciones-Paris-1624-13-334,SPAN,2202,3000
https://skillnet.hum.uu.nl/data/A/Antonio-Perez-Relaciones-Paris-1624-13-334/123.jpg,https://skillnet.hum.uu.nl/data/A/Antonio-Perez-Relaciones-Paris-1624-13-334/123-thumb.jpg,Antonio-Perez-Relaciones-Paris-1624-13-334,SPAN,2202,3000
https://skillnet.hum.uu.nl/data/A/Antonio-Perez-Relaciones-Paris-1624-13-334/124.jpg,https://skillnet.hum.uu.nl/data/A/Antonio-Perez-Relaciones-Paris-1624-13-334/124-thumb.jpg,Antonio-Perez-Relaciones-Paris-1624-13-334,SPAN,2167,3000
https://skillnet.hum.uu.nl/data/A/Antonio-Perez-Relaciones-Paris-1624-13-334/125.jpg,https://skillnet.hum.uu.nl/data/A/Antonio-Perez-Relaciones-Paris-1624-13-334/125-thumb.jpg,Antonio-Perez-Relaciones-Paris-1624-13-334,SPAN,2164,3000
https://skillnet.hum.uu.nl/data/A/Antonio-Perez-Relaciones-Paris-1624-13-334/126.jpg,https://skillnet.hum.uu.nl/data/A/Antonio-Perez-Relaciones-Paris-1624-13-334/126-thumb.jpg,Antonio-Perez-Relaciones-Paris-1624-13-334,SPAN,2093,3000
https://skillnet.hum.uu.nl/data/A/Antonio-Perez-Relaciones-Paris-1624-13-334/127.jpg,https://skillnet.hum.uu.nl/data/A/Antonio-Perez-Relaciones-Paris-1624-13-334/127-thumb.jpg,Antonio-Perez-Relaciones-Paris-1624-13-334,SPAN,2246,3000
https://skillnet.hum.uu.nl/data/A/Antonio-Perez-Relaciones-Paris-1624-13-334/128.jpg,https://skillnet.hum.uu.nl/data/A/Antonio-Perez-Relaciones-Paris-1624-13-334/128-thumb.jpg,Antonio-Perez-Relaciones-Paris-1624-13-334,SPAN,2086,3000
https://skillnet.hum.uu.nl/data/A/Antonio-Perez-Relaciones-Paris-1624-13-334/129.jpg,https://skillnet.hum.uu.nl/data/A/Antonio-Perez-Relaciones-Paris-1624-13-334/129-thumb.jpg,Antonio-Perez-Relaciones-Paris-1624-13-334,SPAN,2195,3000
https://skillnet.hum.uu.nl/data/A/Antonio-Perez-Relaciones-Paris-1624-13-334/130.jpg,https://skillnet.hum.uu.nl/data/A/Antonio-Perez-Relaciones-Paris-1624-13-334/130-thumb.jpg,Antonio-Perez-Relaciones-Paris-1624-13-334,SPAN,2144,3000
https://skillnet.hum.uu.nl/data/A/Antonio-Perez-Relaciones-Paris-1624-13-334/131.jpg,https://skillnet.hum.uu.nl/data/A/Antonio-Perez-Relaciones-Paris-1624-13-334/131-thumb.jpg,Antonio-Perez-Relaciones-Paris-1624-13-334,SPAN,2214,3000
https://skillnet.hum.uu.nl/data/A/Antonio-Perez-Relaciones-Paris-1624-13-334/132.jpg,https://skillnet.hum.uu.nl/data/A/Antonio-Perez-Relaciones-Paris-1624-13-334/132-thumb.jpg,Antonio-Perez-Relaciones-Paris-1624-13-334,SPAN,2147,3000
https://skillnet.hum.uu.nl/data/A/Antonio-Perez-Relaciones-Paris-1624-13-334/133.jpg,https://skillnet.hum.uu.nl/data/A/Antonio-Perez-Relaciones-Paris-1624-13-334/133-thumb.jpg,Antonio-Perez-Relaciones-Paris-1624-13-334,SPAN,2215,3000
https://skillnet.hum.uu.nl/data/A/Antonio-Perez-Relaciones-Paris-1624-13-334/134.jpg,https://skillnet.hum.uu.nl/data/A/Antonio-Perez-Relaciones-Paris-1624-13-334/134-thumb.jpg,Antonio-Perez-Relaciones-Paris-1624-13-334,SPAN,2109,3000
https://skillnet.hum.uu.nl/data/A/Antonio-Perez-Relaciones-Paris-1624-13-334/135.jpg,https://skillnet.hum.uu.nl/data/A/Antonio-Perez-Relaciones-Paris-1624-13-334/135-thumb.jpg,Antonio-Perez-Relaciones-Paris-1624-13-334,SPAN,2187,3000
https://skillnet.hum.uu.nl/data/A/Antonio-Perez-Relaciones-Paris-1624-13-334/136.jpg,https://skillnet.hum.uu.nl/data/A/Antonio-Perez-Relaciones-Paris-1624-13-334/136-thumb.jpg,Antonio-Perez-Relaciones-Paris-1624-13-334,SPAN,2165,3000
https://skillnet.hum.uu.nl/data/A/Antonio-Perez-Relaciones-Paris-1624-13-334/137.jpg,https://skillnet.hum.uu.nl/data/A/Antonio-Perez-Relaciones-Paris-1624-13-334/137-thumb.jpg,Antonio-Perez-Relaciones-Paris-1624-13-334,SPAN,2217,3000
https://skillnet.hum.uu.nl/data/A/Antonio-Perez-Relaciones-Paris-1624-13-334/138.jpg,https://skillnet.hum.uu.nl/data/A/Antonio-Perez-Relaciones-Paris-1624-13-334/138-thumb.jpg,Antonio-Perez-Relaciones-Paris-1624-13-334,SPAN,2168,3000
https://skillnet.hum.uu.nl/data/A/Antonio-Perez-Relaciones-Paris-1624-13-334/139.jpg,https://skillnet.hum.uu.nl/data/A/Antonio-Perez-Relaciones-Paris-1624-13-334/139-thumb.jpg,Antonio-Perez-Relaciones-Paris-1624-13-334,SPAN,2197,3000
https://skillnet.hum.uu.nl/data/A/Antonio-Perez-Relaciones-Paris-1624-13-334/140.jpg,https://skillnet.hum.uu.nl/data/A/Antonio-Perez-Relaciones-Paris-1624-13-334/140-thumb.jpg,Antonio-Perez-Relaciones-Paris-1624-13-334,SPAN,2162,3000
https://skillnet.hum.uu.nl/data/A/Antonio-Perez-Relaciones-Paris-1624-13-334/141.jpg,https://skillnet.hum.uu.nl/data/A/Antonio-Perez-Relaciones-Paris-1624-13-334/141-thumb.jpg,Antonio-Perez-Relaciones-Paris-1624-13-334,SPAN,2224,3000
https://skillnet.hum.uu.nl/data/A/Antonio-Perez-Relaciones-Paris-1624-13-334/142.jpg,https://skillnet.hum.uu.nl/data/A/Antonio-Perez-Relaciones-Paris-1624-13-334/142-thumb.jpg,Antonio-Perez-Relaciones-Paris-1624-13-334,SPAN,2083,3000
https://skillnet.hum.uu.nl/data/A/Antonio-Perez-Relaciones-Paris-1624-13-334/143.jpg,https://skillnet.hum.uu.nl/data/A/Antonio-Perez-Relaciones-Paris-1624-13-334/143-thumb.jpg,Antonio-Perez-Relaciones-Paris-1624-13-334,SPAN,2231,3000
https://skillnet.hum.uu.nl/data/A/Antonio-Perez-Relaciones-Paris-1624-13-334/144.jpg,https://skillnet.hum.uu.nl/data/A/Antonio-Perez-Relaciones-Paris-1624-13-334/144-thumb.jpg,Antonio-Perez-Relaciones-Paris-1624-13-334,SPAN,2139,3000
https://skillnet.hum.uu.nl/data/A/Antonio-Perez-Relaciones-Paris-1624-13-334/145.jpg,https://skillnet.hum.uu.nl/data/A/Antonio-Perez-Relaciones-Paris-1624-13-334/145-thumb.jpg,Antonio-Perez-Relaciones-Paris-1624-13-334,SPAN,2254,3000
https://skillnet.hum.uu.nl/data/A/Antonio-Perez-Relaciones-Paris-1624-13-334/146.jpg,https://skillnet.hum.uu.nl/data/A/Antonio-Perez-Relaciones-Paris-1624-13-334/146-thumb.jpg,Antonio-Perez-Relaciones-Paris-1624-13-334,SPAN,2086,3000
https://skillnet.hum.uu.nl/data/A/Antonio-Perez-Relaciones-Paris-1624-13-334/147.jpg,https://skillnet.hum.uu.nl/data/A/Antonio-Perez-Relaciones-Paris-1624-13-334/147-thumb.jpg,Antonio-Perez-Relaciones-Paris-1624-13-334,SPAN,2220,3000
https://skillnet.hum.uu.nl/data/A/Antonio-Perez-Relaciones-Paris-1624-13-334/148.jpg,https://skillnet.hum.uu.nl/data/A/Antonio-Perez-Relaciones-Paris-1624-13-334/148-thumb.jpg,Antonio-Perez-Relaciones-Paris-1624-13-334,SPAN,2124,3000
https://skillnet.hum.uu.nl/data/A/Antonio-Perez-Relaciones-Paris-1624-13-334/149.jpg,https://skillnet.hum.uu.nl/data/A/Antonio-Perez-Relaciones-Paris-1624-13-334/149-thumb.jpg,Antonio-Perez-Relaciones-Paris-1624-13-334,SPAN,2226,3000
https://skillnet.hum.uu.nl/data/A/Antonio-Perez-Relaciones-Paris-1624-13-334/150.jpg,https://skillnet.hum.uu.nl/data/A/Antonio-Perez-Relaciones-Paris-1624-13-334/150-thumb.jpg,Antonio-Perez-Relaciones-Paris-1624-13-334,SPAN,2138,3000
https://skillnet.hum.uu.nl/data/A/Antonio-Perez-Relaciones-Paris-1624-13-334/151.jpg,https://skillnet.hum.uu.nl/data/A/Antonio-Perez-Relaciones-Paris-1624-13-334/151-thumb.jpg,Antonio-Perez-Relaciones-Paris-1624-13-334,SPAN,2160,3000
https://skillnet.hum.uu.nl/data/A/Antonio-Perez-Relaciones-Paris-1624-13-334/152.jpg,https://skillnet.hum.uu.nl/data/A/Antonio-Perez-Relaciones-Paris-1624-13-334/152-thumb.jpg,Antonio-Perez-Relaciones-Paris-1624-13-334,SPAN,2094,3000
https://skillnet.hum.uu.nl/data/A/Antonio-Perez-Relaciones-Paris-1624-13-334/153.jpg,https://skillnet.hum.uu.nl/data/A/Antonio-Perez-Relaciones-Paris-1624-13-334/153-thumb.jpg,Antonio-Perez-Relaciones-Paris-1624-13-334,SPAN,2196,3000
https://skillnet.hum.uu.nl/data/A/Antonio-Perez-Relaciones-Paris-1624-13-334/154.jpg,https://skillnet.hum.uu.nl/data/A/Antonio-Perez-Relaciones-Paris-1624-13-334/154-thumb.jpg,Antonio-Perez-Relaciones-Paris-1624-13-334,SPAN,2060,3000
https://skillnet.hum.uu.nl/data/A/Antonio-Perez-Relaciones-Paris-1624-13-334/155.jpg,https://skillnet.hum.uu.nl/data/A/Antonio-Perez-Relaciones-Paris-1624-13-334/155-thumb.jpg,Antonio-Perez-Relaciones-Paris-1624-13-334,SPAN,2177,3000
https://skillnet.hum.uu.nl/data/A/Antonio-Perez-Relaciones-Paris-1624-13-334/156.jpg,https://skillnet.hum.uu.nl/data/A/Antonio-Perez-Relaciones-Paris-1624-13-334/156-thumb.jpg,Antonio-Perez-Relaciones-Paris-1624-13-334,SPAN,2084,3000
https://skillnet.hum.uu.nl/data/A/Antonio-Perez-Relaciones-Paris-1624-13-334/157.jpg,https://skillnet.hum.uu.nl/data/A/Antonio-Perez-Relaciones-Paris-1624-13-334/157-thumb.jpg,Antonio-Perez-Relaciones-Paris-1624-13-334,SPAN,2185,3000
https://skillnet.hum.uu.nl/data/A/Antonio-Perez-Relaciones-Paris-1624-13-334/158.jpg,https://skillnet.hum.uu.nl/data/A/Antonio-Perez-Relaciones-Paris-1624-13-334/158-thumb.jpg,Antonio-Perez-Relaciones-Paris-1624-13-334,SPAN,2102,3000
https://skillnet.hum.uu.nl/data/A/Antonio-Perez-Relaciones-Paris-1624-13-334/159.jpg,https://skillnet.hum.uu.nl/data/A/Antonio-Perez-Relaciones-Paris-1624-13-334/159-thumb.jpg,Antonio-Perez-Relaciones-Paris-1624-13-334,SPAN,2199,3000
https://skillnet.hum.uu.nl/data/A/Antonio-Perez-Relaciones-Paris-1624-13-334/160.jpg,https://skillnet.hum.uu.nl/data/A/Antonio-Perez-Relaciones-Paris-1624-13-334/160-thumb.jpg,Antonio-Perez-Relaciones-Paris-1624-13-334,SPAN,2156,3000
https://skillnet.hum.uu.nl/data/A/Antonio-Perez-Relaciones-Paris-1624-13-334/161.jpg,https://skillnet.hum.uu.nl/data/A/Antonio-Perez-Relaciones-Paris-1624-13-334/161-thumb.jpg,Antonio-Perez-Relaciones-Paris-1624-13-334,SPAN,2220,3000
https://skillnet.hum.uu.nl/data/A/Antonio-Perez-Relaciones-Paris-1624-13-334/162.jpg,https://skillnet.hum.uu.nl/data/A/Antonio-Perez-Relaciones-Paris-1624-13-334/162-thumb.jpg,Antonio-Perez-Relaciones-Paris-1624-13-334,SPAN,2163,3000
https://skillnet.hum.uu.nl/data/A/Antonio-Perez-Relaciones-Paris-1624-13-334/163.jpg,https://skillnet.hum.uu.nl/data/A/Antonio-Perez-Relaciones-Paris-1624-13-334/163-thumb.jpg,Antonio-Perez-Relaciones-Paris-1624-13-334,SPAN,2177,3000
https://skillnet.hum.uu.nl/data/A/Antonio-Perez-Relaciones-Paris-1624-13-334/164.jpg,https://skillnet.hum.uu.nl/data/A/Antonio-Perez-Relaciones-Paris-1624-13-334/164-thumb.jpg,Antonio-Perez-Relaciones-Paris-1624-13-334,SPAN,2175,3000
https://skillnet.hum.uu.nl/data/A/Antonio-Perez-Relaciones-Paris-1624-13-334/165.jpg,https://skillnet.hum.uu.nl/data/A/Antonio-Perez-Relaciones-Paris-1624-13-334/165-thumb.jpg,Antonio-Perez-Relaciones-Paris-1624-13-334,SPAN,2201,3000
https://skillnet.hum.uu.nl/data/A/Antonio-Perez-Relaciones-Paris-1624-13-334/166.jpg,https://skillnet.hum.uu.nl/data/A/Antonio-Perez-Relaciones-Paris-1624-13-334/166-thumb.jpg,Antonio-Perez-Relaciones-Paris-1624-13-334,SPAN,2108,3000
https://skillnet.hum.uu.nl/data/A/Antonio-Perez-Relaciones-Paris-1624-13-334/167.jpg,https://skillnet.hum.uu.nl/data/A/Antonio-Perez-Relaciones-Paris-1624-13-334/167-thumb.jpg,Antonio-Perez-Relaciones-Paris-1624-13-334,SPAN,2226,3000
https://skillnet.hum.uu.nl/data/A/Antonio-Perez-Relaciones-Paris-1624-13-334/168.jpg,https://skillnet.hum.uu.nl/data/A/Antonio-Perez-Relaciones-Paris-1624-13-334/168-thumb.jpg,Antonio-Perez-Relaciones-Paris-1624-13-334,SPAN,2080,3000
https://skillnet.hum.uu.nl/data/A/Antonio-Perez-Relaciones-Paris-1624-13-334/169.jpg,https://skillnet.hum.uu.nl/data/A/Antonio-Perez-Relaciones-Paris-1624-13-334/169-thumb.jpg,Antonio-Perez-Relaciones-Paris-1624-13-334,SPAN,2178,3000
https://skillnet.hum.uu.nl/data/A/Antonio-Perez-Relaciones-Paris-1624-13-334/170.jpg,https://skillnet.hum.uu.nl/data/A/Antonio-Perez-Relaciones-Paris-1624-13-334/170-thumb.jpg,Antonio-Perez-Relaciones-Paris-1624-13-334,SPAN,2127,3000
https://skillnet.hum.uu.nl/data/A/Antonio-Perez-Relaciones-Paris-1624-13-334/171.jpg,https://skillnet.hum.uu.nl/data/A/Antonio-Perez-Relaciones-Paris-1624-13-334/171-thumb.jpg,Antonio-Perez-Relaciones-Paris-1624-13-334,SPAN,2191,3000
https://skillnet.hum.uu.nl/data/A/Antonio-Perez-Relaciones-Paris-1624-13-334/172.jpg,https://skillnet.hum.uu.nl/data/A/Antonio-Perez-Relaciones-Paris-1624-13-334/172-thumb.jpg,Antonio-Perez-Relaciones-Paris-1624-13-334,SPAN,2123,3000
https://skillnet.hum.uu.nl/data/A/Antonio-Perez-Relaciones-Paris-1624-13-334/173.jpg,https://skillnet.hum.uu.nl/data/A/Antonio-Perez-Relaciones-Paris-1624-13-334/173-thumb.jpg,Antonio-Perez-Relaciones-Paris-1624-13-334,SPAN,2190,3000
https://skillnet.hum.uu.nl/data/A/Antonio-Perez-Relaciones-Paris-1624-13-334/174.jpg,https://skillnet.hum.uu.nl/data/A/Antonio-Perez-Relaciones-Paris-1624-13-334/174-thumb.jpg,Antonio-Perez-Relaciones-Paris-1624-13-334,SPAN,2111,3000
https://skillnet.hum.uu.nl/data/A/Antonio-Perez-Relaciones-Paris-1624-13-334/175.jpg,https://skillnet.hum.uu.nl/data/A/Antonio-Perez-Relaciones-Paris-1624-13-334/175-thumb.jpg,Antonio-Perez-Relaciones-Paris-1624-13-334,SPAN,2168,3000
https://skillnet.hum.uu.nl/data/A/Antonio-Perez-Relaciones-Paris-1624-13-334/176.jpg,https://skillnet.hum.uu.nl/data/A/Antonio-Perez-Relaciones-Paris-1624-13-334/176-thumb.jpg,Antonio-Perez-Relaciones-Paris-1624-13-334,SPAN,2086,3000
https://skillnet.hum.uu.nl/data/A/Antonio-Perez-Relaciones-Paris-1624-13-334/177.jpg,https://skillnet.hum.uu.nl/data/A/Antonio-Perez-Relaciones-Paris-1624-13-334/177-thumb.jpg,Antonio-Perez-Relaciones-Paris-1624-13-334,SPAN,2180,3000
https://skillnet.hum.uu.nl/data/A/Antonio-Perez-Relaciones-Paris-1624-13-334/178.jpg,https://skillnet.hum.uu.nl/data/A/Antonio-Perez-Relaciones-Paris-1624-13-334/178-thumb.jpg,Antonio-Perez-Relaciones-Paris-1624-13-334,SPAN,2082,3000
https://skillnet.hum.uu.nl/data/A/Antonio-Perez-Relaciones-Paris-1624-13-334/179.jpg,https://skillnet.hum.uu.nl/data/A/Antonio-Perez-Relaciones-Paris-1624-13-334/179-thumb.jpg,Antonio-Perez-Relaciones-Paris-1624-13-334,SPAN,2205,3000
https://skillnet.hum.uu.nl/data/A/Antonio-Perez-Relaciones-Paris-1624-13-334/180.jpg,https://skillnet.hum.uu.nl/data/A/Antonio-Perez-Relaciones-Paris-1624-13-334/180-thumb.jpg,Antonio-Perez-Relaciones-Paris-1624-13-334,SPAN,2151,3000
https://skillnet.hum.uu.nl/data/A/Antonio-Perez-Relaciones-Paris-1624-13-334/181.jpg,https://skillnet.hum.uu.nl/data/A/Antonio-Perez-Relaciones-Paris-1624-13-334/181-thumb.jpg,Antonio-Perez-Relaciones-Paris-1624-13-334,SPAN,2146,3000
https://skillnet.hum.uu.nl/data/A/Antonio-Perez-Relaciones-Paris-1624-13-334/182.jpg,https://skillnet.hum.uu.nl/data/A/Antonio-Perez-Relaciones-Paris-1624-13-334/182-thumb.jpg,Antonio-Perez-Relaciones-Paris-1624-13-334,SPAN,2188,3000
https://skillnet.hum.uu.nl/data/A/Antonio-Perez-Relaciones-Paris-1624-13-334/183.jpg,https://skillnet.hum.uu.nl/data/A/Antonio-Perez-Relaciones-Paris-1624-13-334/183-thumb.jpg,Antonio-Perez-Relaciones-Paris-1624-13-334,SPAN,2132,3000
https://skillnet.hum.uu.nl/data/A/Antonio-Perez-Relaciones-Paris-1624-13-334/184.jpg,https://skillnet.hum.uu.nl/data/A/Antonio-Perez-Relaciones-Paris-1624-13-334/184-thumb.jpg,Antonio-Perez-Relaciones-Paris-1624-13-334,SPAN,2166,3000
https://skillnet.hum.uu.nl/data/A/Antonio-Perez-Relaciones-Paris-1624-13-334/185.jpg,https://skillnet.hum.uu.nl/data/A/Antonio-Perez-Relaciones-Paris-1624-13-334/185-thumb.jpg,Antonio-Perez-Relaciones-Paris-1624-13-334,SPAN,2197,3000
https://skillnet.hum.uu.nl/data/A/Antonio-Perez-Relaciones-Paris-1624-13-334/186.jpg,https://skillnet.hum.uu.nl/data/A/Antonio-Perez-Relaciones-Paris-1624-13-334/186-thumb.jpg,Antonio-Perez-Relaciones-Paris-1624-13-334,SPAN,2109,3000
https://skillnet.hum.uu.nl/data/A/Antonio-Perez-Relaciones-Paris-1624-13-334/187.jpg,https://skillnet.hum.uu.nl/data/A/Antonio-Perez-Relaciones-Paris-1624-13-334/187-thumb.jpg,Antonio-Perez-Relaciones-Paris-1624-13-334,SPAN,2162,3000
https://skillnet.hum.uu.nl/data/A/Antonio-Perez-Relaciones-Paris-1624-13-334/188.jpg,https://skillnet.hum.uu.nl/data/A/Antonio-Perez-Relaciones-Paris-1624-13-334/188-thumb.jpg,Antonio-Perez-Relaciones-Paris-1624-13-334,SPAN,2136,3000
https://skillnet.hum.uu.nl/data/A/Antonio-Perez-Relaciones-Paris-1624-13-334/189.jpg,https://skillnet.hum.uu.nl/data/A/Antonio-Perez-Relaciones-Paris-1624-13-334/189-thumb.jpg,Antonio-Perez-Relaciones-Paris-1624-13-334,SPAN,2195,3000
https://skillnet.hum.uu.nl/data/A/Antonio-Perez-Relaciones-Paris-1624-13-334/190.jpg,https://skillnet.hum.uu.nl/data/A/Antonio-Perez-Relaciones-Paris-1624-13-334/190-thumb.jpg,Antonio-Perez-Relaciones-Paris-1624-13-334,SPAN,2116,3000
https://skillnet.hum.uu.nl/data/A/Antonio-Perez-Relaciones-Paris-1624-13-334/191.jpg,https://skillnet.hum.uu.nl/data/A/Antonio-Perez-Relaciones-Paris-1624-13-334/191-thumb.jpg,Antonio-Perez-Relaciones-Paris-1624-13-334,SPAN,2163,3000
https://skillnet.hum.uu.nl/data/A/Antonio-Perez-Relaciones-Paris-1624-13-334/192.jpg,https://skillnet.hum.uu.nl/data/A/Antonio-Perez-Relaciones-Paris-1624-13-334/192-thumb.jpg,Antonio-Perez-Relaciones-Paris-1624-13-334,SPAN,2076,3000
https://skillnet.hum.uu.nl/data/A/Antonio-Perez-Relaciones-Paris-1624-13-334/193.jpg,https://skillnet.hum.uu.nl/data/A/Antonio-Perez-Relaciones-Paris-1624-13-334/193-thumb.jpg,Antonio-Perez-Relaciones-Paris-1624-13-334,SPAN,2132,3000
https://skillnet.hum.uu.nl/data/A/Antonio-Perez-Relaciones-Paris-1624-13-334/194.jpg,https://skillnet.hum.uu.nl/data/A/Antonio-Perez-Relaciones-Paris-1624-13-334/194-thumb.jpg,Antonio-Perez-Relaciones-Paris-1624-13-334,SPAN,2088,3000
https://skillnet.hum.uu.nl/data/A/Antonio-Perez-Relaciones-Paris-1624-13-334/195.jpg,https://skillnet.hum.uu.nl/data/A/Antonio-Perez-Relaciones-Paris-1624-13-334/195-thumb.jpg,Antonio-Perez-Relaciones-Paris-1624-13-334,SPAN,2168,3000
https://skillnet.hum.uu.nl/data/A/Antonio-Perez-Relaciones-Paris-1624-13-334/196.jpg,https://skillnet.hum.uu.nl/data/A/Antonio-Perez-Relaciones-Paris-1624-13-334/196-thumb.jpg,Antonio-Perez-Relaciones-Paris-1624-13-334,SPAN,2154,3000
https://skillnet.hum.uu.nl/data/A/Antonio-Perez-Relaciones-Paris-1624-13-334/197.jpg,https://skillnet.hum.uu.nl/data/A/Antonio-Perez-Relaciones-Paris-1624-13-334/197-thumb.jpg,Antonio-Perez-Relaciones-Paris-1624-13-334,SPAN,2130,3000
https://skillnet.hum.uu.nl/data/A/Antonio-Perez-Relaciones-Paris-1624-13-334/198.jpg,https://skillnet.hum.uu.nl/data/A/Antonio-Perez-Relaciones-Paris-1624-13-334/198-thumb.jpg,Antonio-Perez-Relaciones-Paris-1624-13-334,SPAN,2127,3000
https://skillnet.hum.uu.nl/data/A/Antonio-Perez-Relaciones-Paris-1624-13-334/199.jpg,https://skillnet.hum.uu.nl/data/A/Antonio-Perez-Relaciones-Paris-1624-13-334/199-thumb.jpg,Antonio-Perez-Relaciones-Paris-1624-13-334,SPAN,2153,3000
https://skillnet.hum.uu.nl/data/A/Antonio-Perez-Relaciones-Paris-1624-13-334/200.jpg,https://skillnet.hum.uu.nl/data/A/Antonio-Perez-Relaciones-Paris-1624-13-334/200-thumb.jpg,Antonio-Perez-Relaciones-Paris-1624-13-334,SPAN,2082,3000
https://skillnet.hum.uu.nl/data/A/Antonio-Perez-Relaciones-Paris-1624-13-334/201.jpg,https://skillnet.hum.uu.nl/data/A/Antonio-Perez-Relaciones-Paris-1624-13-334/201-thumb.jpg,Antonio-Perez-Relaciones-Paris-1624-13-334,SPAN,2145,3000
https://skillnet.hum.uu.nl/data/A/Antonio-Perez-Relaciones-Paris-1624-13-334/202.jpg,https://skillnet.hum.uu.nl/data/A/Antonio-Perez-Relaciones-Paris-1624-13-334/202-thumb.jpg,Antonio-Perez-Relaciones-Paris-1624-13-334,SPAN,2118,3000
https://skillnet.hum.uu.nl/data/A/Antonio-Perez-Relaciones-Paris-1624-13-334/203.jpg,https://skillnet.hum.uu.nl/data/A/Antonio-Perez-Relaciones-Paris-1624-13-334/203-thumb.jpg,Antonio-Perez-Relaciones-Paris-1624-13-334,SPAN,2181,3000
https://skillnet.hum.uu.nl/data/A/Antonio-Perez-Relaciones-Paris-1624-13-334/204.jpg,https://skillnet.hum.uu.nl/data/A/Antonio-Perez-Relaciones-Paris-1624-13-334/204-thumb.jpg,Antonio-Perez-Relaciones-Paris-1624-13-334,SPAN,2162,3000
https://skillnet.hum.uu.nl/data/A/Antonio-Perez-Relaciones-Paris-1624-13-334/205.jpg,https://skillnet.hum.uu.nl/data/A/Antonio-Perez-Relaciones-Paris-1624-13-334/205-thumb.jpg,Antonio-Perez-Relaciones-Paris-1624-13-334,SPAN,2229,3000
https://skillnet.hum.uu.nl/data/A/Antonio-Perez-Relaciones-Paris-1624-13-334/206.jpg,https://skillnet.hum.uu.nl/data/A/Antonio-Perez-Relaciones-Paris-1624-13-334/206-thumb.jpg,Antonio-Perez-Relaciones-Paris-1624-13-334,SPAN,2111,3000
https://skillnet.hum.uu.nl/data/A/Antonio-Perez-Relaciones-Paris-1624-13-334/207.jpg,https://skillnet.hum.uu.nl/data/A/Antonio-Perez-Relaciones-Paris-1624-13-334/207-thumb.jpg,Antonio-Perez-Relaciones-Paris-1624-13-334,SPAN,2177,3000
https://skillnet.hum.uu.nl/data/A/Antonio-Perez-Relaciones-Paris-1624-13-334/208.jpg,https://skillnet.hum.uu.nl/data/A/Antonio-Perez-Relaciones-Paris-1624-13-334/208-thumb.jpg,Antonio-Perez-Relaciones-Paris-1624-13-334,SPAN,2171,3000
https://skillnet.hum.uu.nl/data/A/Antonio-Perez-Relaciones-Paris-1624-13-334/209.jpg,https://skillnet.hum.uu.nl/data/A/Antonio-Perez-Relaciones-Paris-1624-13-334/209-thumb.jpg,Antonio-Perez-Relaciones-Paris-1624-13-334,SPAN,2128,3000
https://skillnet.hum.uu.nl/data/A/Antonio-Perez-Relaciones-Paris-1624-13-334/210.jpg,https://skillnet.hum.uu.nl/data/A/Antonio-Perez-Relaciones-Paris-1624-13-334/210-thumb.jpg,Antonio-Perez-Relaciones-Paris-1624-13-334,SPAN,2073,3000
https://skillnet.hum.uu.nl/data/A/Antonio-Perez-Relaciones-Paris-1624-13-334/211.jpg,https://skillnet.hum.uu.nl/data/A/Antonio-Perez-Relaciones-Paris-1624-13-334/211-thumb.jpg,Antonio-Perez-Relaciones-Paris-1624-13-334,SPAN,2141,3000
https://skillnet.hum.uu.nl/data/A/Antonio-Perez-Relaciones-Paris-1624-13-334/212.jpg,https://skillnet.hum.uu.nl/data/A/Antonio-Perez-Relaciones-Paris-1624-13-334/212-thumb.jpg,Antonio-Perez-Relaciones-Paris-1624-13-334,SPAN,2060,3000
https://skillnet.hum.uu.nl/data/A/Antonio-Perez-Relaciones-Paris-1624-13-334/213.jpg,https://skillnet.hum.uu.nl/data/A/Antonio-Perez-Relaciones-Paris-1624-13-334/213-thumb.jpg,Antonio-Perez-Relaciones-Paris-1624-13-334,SPAN,2173,3000
https://skillnet.hum.uu.nl/data/A/Antonio-Perez-Relaciones-Paris-1624-13-334/214.jpg,https://skillnet.hum.uu.nl/data/A/Antonio-Perez-Relaciones-Paris-1624-13-334/214-thumb.jpg,Antonio-Perez-Relaciones-Paris-1624-13-334,SPAN,2063,3000
https://skillnet.hum.uu.nl/data/A/Antonio-Perez-Relaciones-Paris-1624-13-334/215.jpg,https://skillnet.hum.uu.nl/data/A/Antonio-Perez-Relaciones-Paris-1624-13-334/215-thumb.jpg,Antonio-Perez-Relaciones-Paris-1624-13-334,SPAN,2160,3000
https://skillnet.hum.uu.nl/data/A/Antonio-Perez-Relaciones-Paris-1624-13-334/216.jpg,https://skillnet.hum.uu.nl/data/A/Antonio-Perez-Relaciones-Paris-1624-13-334/216-thumb.jpg,Antonio-Perez-Relaciones-Paris-1624-13-334,SPAN,2112,3000
https://skillnet.hum.uu.nl/data/A/Antonio-Perez-Relaciones-Paris-1624-13-334/217.jpg,https://skillnet.hum.uu.nl/data/A/Antonio-Perez-Relaciones-Paris-1624-13-334/217-thumb.jpg,Antonio-Perez-Relaciones-Paris-1624-13-334,SPAN,2143,3000
https://skillnet.hum.uu.nl/data/A/Antonio-Perez-Relaciones-Paris-1624-13-334/218.jpg,https://skillnet.hum.uu.nl/data/A/Antonio-Perez-Relaciones-Paris-1624-13-334/218-thumb.jpg,Antonio-Perez-Relaciones-Paris-1624-13-334,SPAN,2096,3000
https://skillnet.hum.uu.nl/data/A/Antonio-Perez-Relaciones-Paris-1624-13-334/219.jpg,https://skillnet.hum.uu.nl/data/A/Antonio-Perez-Relaciones-Paris-1624-13-334/219-thumb.jpg,Antonio-Perez-Relaciones-Paris-1624-13-334,SPAN,2156,3000
https://skillnet.hum.uu.nl/data/A/Antonio-Perez-Relaciones-Paris-1624-13-334/220.jpg,https://skillnet.hum.uu.nl/data/A/Antonio-Perez-Relaciones-Paris-1624-13-334/220-thumb.jpg,Antonio-Perez-Relaciones-Paris-1624-13-334,SPAN,2114,3000
https://skillnet.hum.uu.nl/data/A/Antonio-Perez-Relaciones-Paris-1624-13-334/221.jpg,https://skillnet.hum.uu.nl/data/A/Antonio-Perez-Relaciones-Paris-1624-13-334/221-thumb.jpg,Antonio-Perez-Relaciones-Paris-1624-13-334,SPAN,2144,3000
https://skillnet.hum.uu.nl/data/A/Antonio-Perez-Relaciones-Paris-1624-13-334/222.jpg,https://skillnet.hum.uu.nl/data/A/Antonio-Perez-Relaciones-Paris-1624-13-334/222-thumb.jpg,Antonio-Perez-Relaciones-Paris-1624-13-334,SPAN,2082,3000
https://skillnet.hum.uu.nl/data/A/Antonio-Perez-Relaciones-Paris-1624-13-334/223.jpg,https://skillnet.hum.uu.nl/data/A/Antonio-Perez-Relaciones-Paris-1624-13-334/223-thumb.jpg,Antonio-Perez-Relaciones-Paris-1624-13-334,SPAN,2166,3000
https://skillnet.hum.uu.nl/data/A/Antonio-Perez-Relaciones-Paris-1624-13-334/224.jpg,https://skillnet.hum.uu.nl/data/A/Antonio-Perez-Relaciones-Paris-1624-13-334/224-thumb.jpg,Antonio-Perez-Relaciones-Paris-1624-13-334,SPAN,2041,3000
https://skillnet.hum.uu.nl/data/A/Antonio-Perez-Relaciones-Paris-1624-13-334/225.jpg,https://skillnet.hum.uu.nl/data/A/Antonio-Perez-Relaciones-Paris-1624-13-334/225-thumb.jpg,Antonio-Perez-Relaciones-Paris-1624-13-334,SPAN,2185,3000
https://skillnet.hum.uu.nl/data/A/Antonio-Perez-Relaciones-Paris-1624-13-334/226.jpg,https://skillnet.hum.uu.nl/data/A/Antonio-Perez-Relaciones-Paris-1624-13-334/226-thumb.jpg,Antonio-Perez-Relaciones-Paris-1624-13-334,SPAN,2098,3000
https://skillnet.hum.uu.nl/data/A/Antonio-Perez-Relaciones-Paris-1624-13-334/227.jpg,https://skillnet.hum.uu.nl/data/A/Antonio-Perez-Relaciones-Paris-1624-13-334/227-thumb.jpg,Antonio-Perez-Relaciones-Paris-1624-13-334,SPAN,2126,3000
https://skillnet.hum.uu.nl/data/A/Antonio-Perez-Relaciones-Paris-1624-13-334/228.jpg,https://skillnet.hum.uu.nl/data/A/Antonio-Perez-Relaciones-Paris-1624-13-334/228-thumb.jpg,Antonio-Perez-Relaciones-Paris-1624-13-334,SPAN,2104,3000
https://skillnet.hum.uu.nl/data/A/Antonio-Perez-Relaciones-Paris-1624-13-334/229.jpg,https://skillnet.hum.uu.nl/data/A/Antonio-Perez-Relaciones-Paris-1624-13-334/229-thumb.jpg,Antonio-Perez-Relaciones-Paris-1624-13-334,SPAN,2156,3000
https://skillnet.hum.uu.nl/data/A/Antonio-Perez-Relaciones-Paris-1624-13-334/230.jpg,https://skillnet.hum.uu.nl/data/A/Antonio-Perez-Relaciones-Paris-1624-13-334/230-thumb.jpg,Antonio-Perez-Relaciones-Paris-1624-13-334,SPAN,2131,3000
https://skillnet.hum.uu.nl/data/A/Antonio-Perez-Relaciones-Paris-1624-13-334/231.jpg,https://skillnet.hum.uu.nl/data/A/Antonio-Perez-Relaciones-Paris-1624-13-334/231-thumb.jpg,Antonio-Perez-Relaciones-Paris-1624-13-334,SPAN,2214,3000
https://skillnet.hum.uu.nl/data/A/Antonio-Perez-Relaciones-Paris-1624-13-334/232.jpg,https://skillnet.hum.uu.nl/data/A/Antonio-Perez-Relaciones-Paris-1624-13-334/232-thumb.jpg,Antonio-Perez-Relaciones-Paris-1624-13-334,SPAN,2071,3000
https://skillnet.hum.uu.nl/data/A/Antonio-Perez-Relaciones-Paris-1624-13-334/233.jpg,https://skillnet.hum.uu.nl/data/A/Antonio-Perez-Relaciones-Paris-1624-13-334/233-thumb.jpg,Antonio-Perez-Relaciones-Paris-1624-13-334,SPAN,2137,3000
https://skillnet.hum.uu.nl/data/A/Antonio-Perez-Relaciones-Paris-1624-13-334/234.jpg,https://skillnet.hum.uu.nl/data/A/Antonio-Perez-Relaciones-Paris-1624-13-334/234-thumb.jpg,Antonio-Perez-Relaciones-Paris-1624-13-334,SPAN,2058,3000
https://skillnet.hum.uu.nl/data/A/Antonio-Perez-Relaciones-Paris-1624-13-334/235.jpg,https://skillnet.hum.uu.nl/data/A/Antonio-Perez-Relaciones-Paris-1624-13-334/235-thumb.jpg,Antonio-Perez-Relaciones-Paris-1624-13-334,SPAN,2133,3000
https://skillnet.hum.uu.nl/data/A/Antonio-Perez-Relaciones-Paris-1624-13-334/236.jpg,https://skillnet.hum.uu.nl/data/A/Antonio-Perez-Relaciones-Paris-1624-13-334/236-thumb.jpg,Antonio-Perez-Relaciones-Paris-1624-13-334,SPAN,2108,3000
https://skillnet.hum.uu.nl/data/A/Antonio-Perez-Relaciones-Paris-1624-13-334/237.jpg,https://skillnet.hum.uu.nl/data/A/Antonio-Perez-Relaciones-Paris-1624-13-334/237-thumb.jpg,Antonio-Perez-Relaciones-Paris-1624-13-334,SPAN,2131,3000
https://skillnet.hum.uu.nl/data/A/Antonio-Perez-Relaciones-Paris-1624-13-334/238.jpg,https://skillnet.hum.uu.nl/data/A/Antonio-Perez-Relaciones-Paris-1624-13-334/238-thumb.jpg,Antonio-Perez-Relaciones-Paris-1624-13-334,SPAN,2107,3000
https://skillnet.hum.uu.nl/data/A/Antonio-Perez-Relaciones-Paris-1624-13-334/239.jpg,https://skillnet.hum.uu.nl/data/A/Antonio-Perez-Relaciones-Paris-1624-13-334/239-thumb.jpg,Antonio-Perez-Relaciones-Paris-1624-13-334,SPAN,2131,3000
https://skillnet.hum.uu.nl/data/A/Antonio-Perez-Relaciones-Paris-1624-13-334/240.jpg,https://skillnet.hum.uu.nl/data/A/Antonio-Perez-Relaciones-Paris-1624-13-334/240-thumb.jpg,Antonio-Perez-Relaciones-Paris-1624-13-334,SPAN,2103,3000
https://skillnet.hum.uu.nl/data/A/Antonio-Perez-Relaciones-Paris-1624-13-334/241.jpg,https://skillnet.hum.uu.nl/data/A/Antonio-Perez-Relaciones-Paris-1624-13-334/241-thumb.jpg,Antonio-Perez-Relaciones-Paris-1624-13-334,SPAN,2148,3000
https://skillnet.hum.uu.nl/data/A/Antonio-Perez-Relaciones-Paris-1624-13-334/242.jpg,https://skillnet.hum.uu.nl/data/A/Antonio-Perez-Relaciones-Paris-1624-13-334/242-thumb.jpg,Antonio-Perez-Relaciones-Paris-1624-13-334,SPAN,2060,3000
https://skillnet.hum.uu.nl/data/A/Antonio-Perez-Relaciones-Paris-1624-13-334/243.jpg,https://skillnet.hum.uu.nl/data/A/Antonio-Perez-Relaciones-Paris-1624-13-334/243-thumb.jpg,Antonio-Perez-Relaciones-Paris-1624-13-334,SPAN,2172,3000
https://skillnet.hum.uu.nl/data/A/Antonio-Perez-Relaciones-Paris-1624-13-334/244.jpg,https://skillnet.hum.uu.nl/data/A/Antonio-Perez-Relaciones-Paris-1624-13-334/244-thumb.jpg,Antonio-Perez-Relaciones-Paris-1624-13-334,SPAN,2100,3000
https://skillnet.hum.uu.nl/data/A/Antonio-Perez-Relaciones-Paris-1624-13-334/245.jpg,https://skillnet.hum.uu.nl/data/A/Antonio-Perez-Relaciones-Paris-1624-13-334/245-thumb.jpg,Antonio-Perez-Relaciones-Paris-1624-13-334,SPAN,2124,3000
https://skillnet.hum.uu.nl/data/A/Antonio-Perez-Relaciones-Paris-1624-13-334/246.jpg,https://skillnet.hum.uu.nl/data/A/Antonio-Perez-Relaciones-Paris-1624-13-334/246-thumb.jpg,Antonio-Perez-Relaciones-Paris-1624-13-334,SPAN,2082,3000
https://skillnet.hum.uu.nl/data/A/Antonio-Perez-Relaciones-Paris-1624-13-334/247.jpg,https://skillnet.hum.uu.nl/data/A/Antonio-Perez-Relaciones-Paris-1624-13-334/247-thumb.jpg,Antonio-Perez-Relaciones-Paris-1624-13-334,SPAN,2135,3000
https://skillnet.hum.uu.nl/data/A/Antonio-Perez-Relaciones-Paris-1624-13-334/248.jpg,https://skillnet.hum.uu.nl/data/A/Antonio-Perez-Relaciones-Paris-1624-13-334/248-thumb.jpg,Antonio-Perez-Relaciones-Paris-1624-13-334,SPAN,2108,3000
https://skillnet.hum.uu.nl/data/A/Antonio-Perez-Relaciones-Paris-1624-13-334/249.jpg,https://skillnet.hum.uu.nl/data/A/Antonio-Perez-Relaciones-Paris-1624-13-334/249-thumb.jpg,Antonio-Perez-Relaciones-Paris-1624-13-334,SPAN,2189,3000
https://skillnet.hum.uu.nl/data/A/Antonio-Perez-Relaciones-Paris-1624-13-334/250.jpg,https://skillnet.hum.uu.nl/data/A/Antonio-Perez-Relaciones-Paris-1624-13-334/250-thumb.jpg,Antonio-Perez-Relaciones-Paris-1624-13-334,SPAN,2063,3000
https://skillnet.hum.uu.nl/data/A/Antonio-Perez-Relaciones-Paris-1624-13-334/251.jpg,https://skillnet.hum.uu.nl/data/A/Antonio-Perez-Relaciones-Paris-1624-13-334/251-thumb.jpg,Antonio-Perez-Relaciones-Paris-1624-13-334,SPAN,2136,3000
https://skillnet.hum.uu.nl/data/A/Antonio-Perez-Relaciones-Paris-1624-13-334/252.jpg,https://skillnet.hum.uu.nl/data/A/Antonio-Perez-Relaciones-Paris-1624-13-334/252-thumb.jpg,Antonio-Perez-Relaciones-Paris-1624-13-334,SPAN,2108,3000
https://skillnet.hum.uu.nl/data/A/Antonio-Perez-Relaciones-Paris-1624-13-334/253.jpg,https://skillnet.hum.uu.nl/data/A/Antonio-Perez-Relaciones-Paris-1624-13-334/253-thumb.jpg,Antonio-Perez-Relaciones-Paris-1624-13-334,SPAN,2139,3000
https://skillnet.hum.uu.nl/data/A/Antonio-Perez-Relaciones-Paris-1624-13-334/254.jpg,https://skillnet.hum.uu.nl/data/A/Antonio-Perez-Relaciones-Paris-1624-13-334/254-thumb.jpg,Antonio-Perez-Relaciones-Paris-1624-13-334,SPAN,2074,3000
https://skillnet.hum.uu.nl/data/A/Antonio-Perez-Relaciones-Paris-1624-13-334/255.jpg,https://skillnet.hum.uu.nl/data/A/Antonio-Perez-Relaciones-Paris-1624-13-334/255-thumb.jpg,Antonio-Perez-Relaciones-Paris-1624-13-334,SPAN,2142,3000
https://skillnet.hum.uu.nl/data/A/Antonio-Perez-Relaciones-Paris-1624-13-334/256.jpg,https://skillnet.hum.uu.nl/data/A/Antonio-Perez-Relaciones-Paris-1624-13-334/256-thumb.jpg,Antonio-Perez-Relaciones-Paris-1624-13-334,SPAN,2083,3000
https://skillnet.hum.uu.nl/data/A/Antonio-Perez-Relaciones-Paris-1624-13-334/257.jpg,https://skillnet.hum.uu.nl/data/A/Antonio-Perez-Relaciones-Paris-1624-13-334/257-thumb.jpg,Antonio-Perez-Relaciones-Paris-1624-13-334,SPAN,2170,3000
https://skillnet.hum.uu.nl/data/A/Antonio-Perez-Relaciones-Paris-1624-13-334/258.jpg,https://skillnet.hum.uu.nl/data/A/Antonio-Perez-Relaciones-Paris-1624-13-334/258-thumb.jpg,Antonio-Perez-Relaciones-Paris-1624-13-334,SPAN,2042,3000
https://skillnet.hum.uu.nl/data/A/Antonio-Perez-Relaciones-Paris-1624-13-334/259.jpg,https://skillnet.hum.uu.nl/data/A/Antonio-Perez-Relaciones-Paris-1624-13-334/259-thumb.jpg,Antonio-Perez-Relaciones-Paris-1624-13-334,SPAN,2123,3000
https://skillnet.hum.uu.nl/data/A/Antonio-Perez-Relaciones-Paris-1624-13-334/260.jpg,https://skillnet.hum.uu.nl/data/A/Antonio-Perez-Relaciones-Paris-1624-13-334/260-thumb.jpg,Antonio-Perez-Relaciones-Paris-1624-13-334,SPAN,2076,3000
https://skillnet.hum.uu.nl/data/A/Antonio-Perez-Relaciones-Paris-1624-13-334/261.jpg,https://skillnet.hum.uu.nl/data/A/Antonio-Perez-Relaciones-Paris-1624-13-334/261-thumb.jpg,Antonio-Perez-Relaciones-Paris-1624-13-334,SPAN,2127,3000
https://skillnet.hum.uu.nl/data/A/Antonio-Perez-Relaciones-Paris-1624-13-334/262.jpg,https://skillnet.hum.uu.nl/data/A/Antonio-Perez-Relaciones-Paris-1624-13-334/262-thumb.jpg,Antonio-Perez-Relaciones-Paris-1624-13-334,SPAN,2076,3000
https://skillnet.hum.uu.nl/data/A/Antonio-Perez-Relaciones-Paris-1624-13-334/263.jpg,https://skillnet.hum.uu.nl/data/A/Antonio-Perez-Relaciones-Paris-1624-13-334/263-thumb.jpg,Antonio-Perez-Relaciones-Paris-1624-13-334,SPAN,2140,3000
https://skillnet.hum.uu.nl/data/A/Antonio-Perez-Relaciones-Paris-1624-13-334/264.jpg,https://skillnet.hum.uu.nl/data/A/Antonio-Perez-Relaciones-Paris-1624-13-334/264-thumb.jpg,Antonio-Perez-Relaciones-Paris-1624-13-334,SPAN,2091,3000
https://skillnet.hum.uu.nl/data/A/Antonio-Perez-Relaciones-Paris-1624-13-334/265.jpg,https://skillnet.hum.uu.nl/data/A/Antonio-Perez-Relaciones-Paris-1624-13-334/265-thumb.jpg,Antonio-Perez-Relaciones-Paris-1624-13-334,SPAN,2144,3000
https://skillnet.hum.uu.nl/data/A/Antonio-Perez-Relaciones-Paris-1624-13-334/266.jpg,https://skillnet.hum.uu.nl/data/A/Antonio-Perez-Relaciones-Paris-1624-13-334/266-thumb.jpg,Antonio-Perez-Relaciones-Paris-1624-13-334,SPAN,2098,3000
https://skillnet.hum.uu.nl/data/A/Antonio-Perez-Relaciones-Paris-1624-13-334/267.jpg,https://skillnet.hum.uu.nl/data/A/Antonio-Perez-Relaciones-Paris-1624-13-334/267-thumb.jpg,Antonio-Perez-Relaciones-Paris-1624-13-334,SPAN,2128,3000
https://skillnet.hum.uu.nl/data/A/Antonio-Perez-Relaciones-Paris-1624-13-334/268.jpg,https://skillnet.hum.uu.nl/data/A/Antonio-Perez-Relaciones-Paris-1624-13-334/268-thumb.jpg,Antonio-Perez-Relaciones-Paris-1624-13-334,SPAN,2067,3000
https://skillnet.hum.uu.nl/data/A/Antonio-Perez-Relaciones-Paris-1624-13-334/269.jpg,https://skillnet.hum.uu.nl/data/A/Antonio-Perez-Relaciones-Paris-1624-13-334/269-thumb.jpg,Antonio-Perez-Relaciones-Paris-1624-13-334,SPAN,2133,3000
https://skillnet.hum.uu.nl/data/A/Antonio-Perez-Relaciones-Paris-1624-13-334/270.jpg,https://skillnet.hum.uu.nl/data/A/Antonio-Perez-Relaciones-Paris-1624-13-334/270-thumb.jpg,Antonio-Perez-Relaciones-Paris-1624-13-334,SPAN,2072,3000
https://skillnet.hum.uu.nl/data/A/Antonio-Perez-Relaciones-Paris-1624-13-334/271.jpg,https://skillnet.hum.uu.nl/data/A/Antonio-Perez-Relaciones-Paris-1624-13-334/271-thumb.jpg,Antonio-Perez-Relaciones-Paris-1624-13-334,SPAN,2115,3000
https://skillnet.hum.uu.nl/data/A/Antonio-Perez-Relaciones-Paris-1624-13-334/272.jpg,https://skillnet.hum.uu.nl/data/A/Antonio-Perez-Relaciones-Paris-1624-13-334/272-thumb.jpg,Antonio-Perez-Relaciones-Paris-1624-13-334,SPAN,2112,3000
https://skillnet.hum.uu.nl/data/A/Antonio-Perez-Relaciones-Paris-1624-13-334/273.jpg,https://skillnet.hum.uu.nl/data/A/Antonio-Perez-Relaciones-Paris-1624-13-334/273-thumb.jpg,Antonio-Perez-Relaciones-Paris-1624-13-334,SPAN,2156,3000
https://skillnet.hum.uu.nl/data/A/Antonio-Perez-Relaciones-Paris-1624-13-334/274.jpg,https://skillnet.hum.uu.nl/data/A/Antonio-Perez-Relaciones-Paris-1624-13-334/274-thumb.jpg,Antonio-Perez-Relaciones-Paris-1624-13-334,SPAN,2084,3000
https://skillnet.hum.uu.nl/data/A/Antonio-Perez-Relaciones-Paris-1624-13-334/275.jpg,https://skillnet.hum.uu.nl/data/A/Antonio-Perez-Relaciones-Paris-1624-13-334/275-thumb.jpg,Antonio-Perez-Relaciones-Paris-1624-13-334,SPAN,2115,3000
https://skillnet.hum.uu.nl/data/A/Antonio-Perez-Relaciones-Paris-1624-13-334/276.jpg,https://skillnet.hum.uu.nl/data/A/Antonio-Perez-Relaciones-Paris-1624-13-334/276-thumb.jpg,Antonio-Perez-Relaciones-Paris-1624-13-334,SPAN,2070,3000
https://skillnet.hum.uu.nl/data/A/Antonio-Perez-Relaciones-Paris-1624-13-334/277.jpg,https://skillnet.hum.uu.nl/data/A/Antonio-Perez-Relaciones-Paris-1624-13-334/277-thumb.jpg,Antonio-Perez-Relaciones-Paris-1624-13-334,SPAN,2125,3000
https://skillnet.hum.uu.nl/data/A/Antonio-Perez-Relaciones-Paris-1624-13-334/278.jpg,https://skillnet.hum.uu.nl/data/A/Antonio-Perez-Relaciones-Paris-1624-13-334/278-thumb.jpg,Antonio-Perez-Relaciones-Paris-1624-13-334,SPAN,2065,3000
https://skillnet.hum.uu.nl/data/A/Antonio-Perez-Relaciones-Paris-1624-13-334/279.jpg,https://skillnet.hum.uu.nl/data/A/Antonio-Perez-Relaciones-Paris-1624-13-334/279-thumb.jpg,Antonio-Perez-Relaciones-Paris-1624-13-334,SPAN,2135,3000
https://skillnet.hum.uu.nl/data/A/Antonio-Perez-Relaciones-Paris-1624-13-334/280.jpg,https://skillnet.hum.uu.nl/data/A/Antonio-Perez-Relaciones-Paris-1624-13-334/280-thumb.jpg,Antonio-Perez-Relaciones-Paris-1624-13-334,SPAN,2066,3000
https://skillnet.hum.uu.nl/data/A/Antonio-Perez-Relaciones-Paris-1624-13-334/281.jpg,https://skillnet.hum.uu.nl/data/A/Antonio-Perez-Relaciones-Paris-1624-13-334/281-thumb.jpg,Antonio-Perez-Relaciones-Paris-1624-13-334,SPAN,2133,3000
https://skillnet.hum.uu.nl/data/A/Antonio-Perez-Relaciones-Paris-1624-13-334/282.jpg,https://skillnet.hum.uu.nl/data/A/Antonio-Perez-Relaciones-Paris-1624-13-334/282-thumb.jpg,Antonio-Perez-Relaciones-Paris-1624-13-334,SPAN,2098,3000
https://skillnet.hum.uu.nl/data/A/Antonio-Perez-Relaciones-Paris-1624-13-334/283.jpg,https://skillnet.hum.uu.nl/data/A/Antonio-Perez-Relaciones-Paris-1624-13-334/283-thumb.jpg,Antonio-Perez-Relaciones-Paris-1624-13-334,SPAN,2131,3000
https://skillnet.hum.uu.nl/data/A/Antonio-Perez-Relaciones-Paris-1624-13-334/284.jpg,https://skillnet.hum.uu.nl/data/A/Antonio-Perez-Relaciones-Paris-1624-13-334/284-thumb.jpg,Antonio-Perez-Relaciones-Paris-1624-13-334,SPAN,2062,3000
https://skillnet.hum.uu.nl/data/A/Antonio-Perez-Relaciones-Paris-1624-13-334/285.jpg,https://skillnet.hum.uu.nl/data/A/Antonio-Perez-Relaciones-Paris-1624-13-334/285-thumb.jpg,Antonio-Perez-Relaciones-Paris-1624-13-334,SPAN,2139,3000
https://skillnet.hum.uu.nl/data/A/Antonio-Perez-Relaciones-Paris-1624-13-334/286.jpg,https://skillnet.hum.uu.nl/data/A/Antonio-Perez-Relaciones-Paris-1624-13-334/286-thumb.jpg,Antonio-Perez-Relaciones-Paris-1624-13-334,SPAN,2084,3000
https://skillnet.hum.uu.nl/data/A/Antonio-Perez-Relaciones-Paris-1624-13-334/287.jpg,https://skillnet.hum.uu.nl/data/A/Antonio-Perez-Relaciones-Paris-1624-13-334/287-thumb.jpg,Antonio-Perez-Relaciones-Paris-1624-13-334,SPAN,2123,3000
https://skillnet.hum.uu.nl/data/A/Antonio-Perez-Relaciones-Paris-1624-13-334/288.jpg,https://skillnet.hum.uu.nl/data/A/Antonio-Perez-Relaciones-Paris-1624-13-334/288-thumb.jpg,Antonio-Perez-Relaciones-Paris-1624-13-334,SPAN,2058,3000
https://skillnet.hum.uu.nl/data/A/Antonio-Perez-Relaciones-Paris-1624-13-334/289.jpg,https://skillnet.hum.uu.nl/data/A/Antonio-Perez-Relaciones-Paris-1624-13-334/289-thumb.jpg,Antonio-Perez-Relaciones-Paris-1624-13-334,SPAN,2131,3000
https://skillnet.hum.uu.nl/data/A/Antonio-Perez-Relaciones-Paris-1624-13-334/290.jpg,https://skillnet.hum.uu.nl/data/A/Antonio-Perez-Relaciones-Paris-1624-13-334/290-thumb.jpg,Antonio-Perez-Relaciones-Paris-1624-13-334,SPAN,2095,3000
https://skillnet.hum.uu.nl/data/A/Antonio-Perez-Relaciones-Paris-1624-13-334/291.jpg,https://skillnet.hum.uu.nl/data/A/Antonio-Perez-Relaciones-Paris-1624-13-334/291-thumb.jpg,Antonio-Perez-Relaciones-Paris-1624-13-334,SPAN,2146,3000
https://skillnet.hum.uu.nl/data/A/Antonio-Perez-Relaciones-Paris-1624-13-334/292.jpg,https://skillnet.hum.uu.nl/data/A/Antonio-Perez-Relaciones-Paris-1624-13-334/292-thumb.jpg,Antonio-Perez-Relaciones-Paris-1624-13-334,SPAN,2052,3000
https://skillnet.hum.uu.nl/data/A/Antonio-Perez-Relaciones-Paris-1624-13-334/293.jpg,https://skillnet.hum.uu.nl/data/A/Antonio-Perez-Relaciones-Paris-1624-13-334/293-thumb.jpg,Antonio-Perez-Relaciones-Paris-1624-13-334,SPAN,2131,3000
https://skillnet.hum.uu.nl/data/A/Antonio-Perez-Relaciones-Paris-1624-13-334/294.jpg,https://skillnet.hum.uu.nl/data/A/Antonio-Perez-Relaciones-Paris-1624-13-334/294-thumb.jpg,Antonio-Perez-Relaciones-Paris-1624-13-334,SPAN,2038,3000
https://skillnet.hum.uu.nl/data/A/Antonio-Perez-Relaciones-Paris-1624-13-334/295.jpg,https://skillnet.hum.uu.nl/data/A/Antonio-Perez-Relaciones-Paris-1624-13-334/295-thumb.jpg,Antonio-Perez-Relaciones-Paris-1624-13-334,SPAN,2145,3000
https://skillnet.hum.uu.nl/data/A/Antonio-Perez-Relaciones-Paris-1624-13-334/296.jpg,https://skillnet.hum.uu.nl/data/A/Antonio-Perez-Relaciones-Paris-1624-13-334/296-thumb.jpg,Antonio-Perez-Relaciones-Paris-1624-13-334,SPAN,2074,3000
https://skillnet.hum.uu.nl/data/A/Antonio-Perez-Relaciones-Paris-1624-13-334/297.jpg,https://skillnet.hum.uu.nl/data/A/Antonio-Perez-Relaciones-Paris-1624-13-334/297-thumb.jpg,Antonio-Perez-Relaciones-Paris-1624-13-334,SPAN,2152,3000
https://skillnet.hum.uu.nl/data/A/Antonio-Perez-Relaciones-Paris-1624-13-334/298.jpg,https://skillnet.hum.uu.nl/data/A/Antonio-Perez-Relaciones-Paris-1624-13-334/298-thumb.jpg,Antonio-Perez-Relaciones-Paris-1624-13-334,SPAN,2107,3000
https://skillnet.hum.uu.nl/data/A/Antonio-Perez-Relaciones-Paris-1624-13-334/299.jpg,https://skillnet.hum.uu.nl/data/A/Antonio-Perez-Relaciones-Paris-1624-13-334/299-thumb.jpg,Antonio-Perez-Relaciones-Paris-1624-13-334,SPAN,2141,3000
https://skillnet.hum.uu.nl/data/A/Antonio-Perez-Relaciones-Paris-1624-13-334/300.jpg,https://skillnet.hum.uu.nl/data/A/Antonio-Perez-Relaciones-Paris-1624-13-334/300-thumb.jpg,Antonio-Perez-Relaciones-Paris-1624-13-334,SPAN,2068,3000
https://skillnet.hum.uu.nl/data/A/Antonio-Perez-Relaciones-Paris-1624-13-334/301.jpg,https://skillnet.hum.uu.nl/data/A/Antonio-Perez-Relaciones-Paris-1624-13-334/301-thumb.jpg,Antonio-Perez-Relaciones-Paris-1624-13-334,SPAN,2162,3000
https://skillnet.hum.uu.nl/data/A/Antonio-Perez-Relaciones-Paris-1624-13-334/302.jpg,https://skillnet.hum.uu.nl/data/A/Antonio-Perez-Relaciones-Paris-1624-13-334/302-thumb.jpg,Antonio-Perez-Relaciones-Paris-1624-13-334,SPAN,2067,3000
https://skillnet.hum.uu.nl/data/A/Antonio-Perez-Relaciones-Paris-1624-13-334/303.jpg,https://skillnet.hum.uu.nl/data/A/Antonio-Perez-Relaciones-Paris-1624-13-334/303-thumb.jpg,Antonio-Perez-Relaciones-Paris-1624-13-334,SPAN,2139,3000
https://skillnet.hum.uu.nl/data/A/Antonio-Perez-Relaciones-Paris-1624-13-334/304.jpg,https://skillnet.hum.uu.nl/data/A/Antonio-Perez-Relaciones-Paris-1624-13-334/304-thumb.jpg,Antonio-Perez-Relaciones-Paris-1624-13-334,SPAN,2057,3000
https://skillnet.hum.uu.nl/data/A/Antonio-Perez-Relaciones-Paris-1624-13-334/305.jpg,https://skillnet.hum.uu.nl/data/A/Antonio-Perez-Relaciones-Paris-1624-13-334/305-thumb.jpg,Antonio-Perez-Relaciones-Paris-1624-13-334,SPAN,2136,3000
https://skillnet.hum.uu.nl/data/A/Antonio-Perez-Relaciones-Paris-1624-13-334/306.jpg,https://skillnet.hum.uu.nl/data/A/Antonio-Perez-Relaciones-Paris-1624-13-334/306-thumb.jpg,Antonio-Perez-Relaciones-Paris-1624-13-334,SPAN,2028,3000
https://skillnet.hum.uu.nl/data/A/Antonio-Perez-Relaciones-Paris-1624-13-334/307.jpg,https://skillnet.hum.uu.nl/data/A/Antonio-Perez-Relaciones-Paris-1624-13-334/307-thumb.jpg,Antonio-Perez-Relaciones-Paris-1624-13-334,SPAN,2145,3000
https://skillnet.hum.uu.nl/data/A/Antonio-Perez-Relaciones-Paris-1624-13-334/308.jpg,https://skillnet.hum.uu.nl/data/A/Antonio-Perez-Relaciones-Paris-1624-13-334/308-thumb.jpg,Antonio-Perez-Relaciones-Paris-1624-13-334,SPAN,2062,3000
https://skillnet.hum.uu.nl/data/A/Antonio-Perez-Relaciones-Paris-1624-13-334/309.jpg,https://skillnet.hum.uu.nl/data/A/Antonio-Perez-Relaciones-Paris-1624-13-334/309-thumb.jpg,Antonio-Perez-Relaciones-Paris-1624-13-334,SPAN,2083,3000
https://skillnet.hum.uu.nl/data/A/Antonio-Perez-Relaciones-Paris-1624-13-334/310.jpg,https://skillnet.hum.uu.nl/data/A/Antonio-Perez-Relaciones-Paris-1624-13-334/310-thumb.jpg,Antonio-Perez-Relaciones-Paris-1624-13-334,SPAN,2052,3000
https://skillnet.hum.uu.nl/data/A/Antonio-Perez-Relaciones-Paris-1624-13-334/311.jpg,https://skillnet.hum.uu.nl/data/A/Antonio-Perez-Relaciones-Paris-1624-13-334/311-thumb.jpg,Antonio-Perez-Relaciones-Paris-1624-13-334,SPAN,2106,3000
https://skillnet.hum.uu.nl/data/A/Antonio-Perez-Relaciones-Paris-1624-13-334/312.jpg,https://skillnet.hum.uu.nl/data/A/Antonio-Perez-Relaciones-Paris-1624-13-334/312-thumb.jpg,Antonio-Perez-Relaciones-Paris-1624-13-334,SPAN,2164,3000
https://skillnet.hum.uu.nl/data/A/Antonio-Perez-Relaciones-Paris-1624-13-334/313.jpg,https://skillnet.hum.uu.nl/data/A/Antonio-Perez-Relaciones-Paris-1624-13-334/313-thumb.jpg,Antonio-Perez-Relaciones-Paris-1624-13-334,SPAN,2128,3000
https://skillnet.hum.uu.nl/data/A/Antonio-Perez-Relaciones-Paris-1624-13-334/314.jpg,https://skillnet.hum.uu.nl/data/A/Antonio-Perez-Relaciones-Paris-1624-13-334/314-thumb.jpg,Antonio-Perez-Relaciones-Paris-1624-13-334,SPAN,2124,3000
https://skillnet.hum.uu.nl/data/A/Antonio-Perez-Relaciones-Paris-1624-13-334/315.jpg,https://skillnet.hum.uu.nl/data/A/Antonio-Perez-Relaciones-Paris-1624-13-334/315-thumb.jpg,Antonio-Perez-Relaciones-Paris-1624-13-334,SPAN,2105,3000
https://skillnet.hum.uu.nl/data/A/Antonio-Perez-Relaciones-Paris-1624-13-334/316.jpg,https://skillnet.hum.uu.nl/data/A/Antonio-Perez-Relaciones-Paris-1624-13-334/316-thumb.jpg,Antonio-Perez-Relaciones-Paris-1624-13-334,SPAN,2073,3000
https://skillnet.hum.uu.nl/data/A/Antonio-Perez-Relaciones-Paris-1624-13-334/317.jpg,https://skillnet.hum.uu.nl/data/A/Antonio-Perez-Relaciones-Paris-1624-13-334/317-thumb.jpg,Antonio-Perez-Relaciones-Paris-1624-13-334,SPAN,2093,3000
https://skillnet.hum.uu.nl/data/A/Antonio-Perez-Relaciones-Paris-1624-13-334/318.jpg,https://skillnet.hum.uu.nl/data/A/Antonio-Perez-Relaciones-Paris-1624-13-334/318-thumb.jpg,Antonio-Perez-Relaciones-Paris-1624-13-334,SPAN,2115,3000
https://skillnet.hum.uu.nl/data/A/Antonio-Perez-Relaciones-Paris-1624-13-334/319.jpg,https://skillnet.hum.uu.nl/data/A/Antonio-Perez-Relaciones-Paris-1624-13-334/319-thumb.jpg,Antonio-Perez-Relaciones-Paris-1624-13-334,SPAN,2102,3000
https://skillnet.hum.uu.nl/data/A/Antonio-Perez-Relaciones-Paris-1624-13-334/320.jpg,https://skillnet.hum.uu.nl/data/A/Antonio-Perez-Relaciones-Paris-1624-13-334/320-thumb.jpg,Antonio-Perez-Relaciones-Paris-1624-13-334,SPAN,2092,3000
https://skillnet.hum.uu.nl/data/A/Antonio-Perez-Relaciones-Paris-1624-13-334/321.jpg,https://skillnet.hum.uu.nl/data/A/Antonio-Perez-Relaciones-Paris-1624-13-334/321-thumb.jpg,Antonio-Perez-Relaciones-Paris-1624-13-334,SPAN,2135,3000
https://skillnet.hum.uu.nl/data/A/Antonio-Perez-Relaciones-Paris-1624-13-334/322.jpg,https://skillnet.hum.uu.nl/data/A/Antonio-Perez-Relaciones-Paris-1624-13-334/322-thumb.jpg,Antonio-Perez-Relaciones-Paris-1624-13-334,SPAN,2074,3000
https://skillnet.hum.uu.nl/data/A/Antonio-Perez-Relaciones-Paris-1624-13-334/323.jpg,https://skillnet.hum.uu.nl/data/A/Antonio-Perez-Relaciones-Paris-1624-13-334/323-thumb.jpg,Antonio-Perez-Relaciones-Paris-1624-13-334,SPAN,2145,3000
https://skillnet.hum.uu.nl/data/A/Antonio-Perez-Relaciones-Paris-1624-13-334/324.jpg,https://skillnet.hum.uu.nl/data/A/Antonio-Perez-Relaciones-Paris-1624-13-334/324-thumb.jpg,Antonio-Perez-Relaciones-Paris-1624-13-334,SPAN,2112,3000
https://skillnet.hum.uu.nl/data/A/Antonio-Perez-Relaciones-Paris-1624-13-334/325.jpg,https://skillnet.hum.uu.nl/data/A/Antonio-Perez-Relaciones-Paris-1624-13-334/325-thumb.jpg,Antonio-Perez-Relaciones-Paris-1624-13-334,SPAN,2131,3000
https://skillnet.hum.uu.nl/data/A/Antonio-Perez-Relaciones-Paris-1624-13-334/326.jpg,https://skillnet.hum.uu.nl/data/A/Antonio-Perez-Relaciones-Paris-1624-13-334/326-thumb.jpg,Antonio-Perez-Relaciones-Paris-1624-13-334,SPAN,2118,3000
https://skillnet.hum.uu.nl/data/A/Antonio-Perez-Relaciones-Paris-1624-13-334/327.jpg,https://skillnet.hum.uu.nl/data/A/Antonio-Perez-Relaciones-Paris-1624-13-334/327-thumb.jpg,Antonio-Perez-Relaciones-Paris-1624-13-334,SPAN,2112,3000
https://skillnet.hum.uu.nl/data/A/Antonio-Perez-Relaciones-Paris-1624-13-334/328.jpg,https://skillnet.hum.uu.nl/data/A/Antonio-Perez-Relaciones-Paris-1624-13-334/328-thumb.jpg,Antonio-Perez-Relaciones-Paris-1624-13-334,SPAN,2082,3000
https://skillnet.hum.uu.nl/data/A/Antonio-Perez-Relaciones-Paris-1624-13-334/329.jpg,https://skillnet.hum.uu.nl/data/A/Antonio-Perez-Relaciones-Paris-1624-13-334/329-thumb.jpg,Antonio-Perez-Relaciones-Paris-1624-13-334,SPAN,2098,3000
https://skillnet.hum.uu.nl/data/A/Antonio-Perez-Relaciones-Paris-1624-13-334/330.jpg,https://skillnet.hum.uu.nl/data/A/Antonio-Perez-Relaciones-Paris-1624-13-334/330-thumb.jpg,Antonio-Perez-Relaciones-Paris-1624-13-334,SPAN,2086,3000
https://skillnet.hum.uu.nl/data/A/Antonio-Perez-Relaciones-Paris-1624-13-334/331.jpg,https://skillnet.hum.uu.nl/data/A/Antonio-Perez-Relaciones-Paris-1624-13-334/331-thumb.jpg,Antonio-Perez-Relaciones-Paris-1624-13-334,SPAN,2131,3000
https://skillnet.hum.uu.nl/data/A/Antonio-Perez-Relaciones-Paris-1624-13-334/332.jpg,https://skillnet.hum.uu.nl/data/A/Antonio-Perez-Relaciones-Paris-1624-13-334/332-thumb.jpg,Antonio-Perez-Relaciones-Paris-1624-13-334,SPAN,2064,3000
https://skillnet.hum.uu.nl/data/A/Antonio-Perez-Relaciones-Paris-1624-13-334/333.jpg,https://skillnet.hum.uu.nl/data/A/Antonio-Perez-Relaciones-Paris-1624-13-334/333-thumb.jpg,Antonio-Perez-Relaciones-Paris-1624-13-334,SPAN,2108,3000
https://skillnet.hum.uu.nl/data/A/Antonio-Perez-Relaciones-Paris-1624-13-334/334.jpg,https://skillnet.hum.uu.nl/data/A/Antonio-Perez-Relaciones-Paris-1624-13-334/334-thumb.jpg,Antonio-Perez-Relaciones-Paris-1624-13-334,SPAN,2096,3000
