file_path,thumbnail,set_key,langs,width,height,hide
https://skillnet.hum.uu.nl/data/A/Andreas-Naugerius-Opera-omnia-Venice-1754-118-178-and-323-358/118.jpg,https://skillnet.hum.uu.nl/data/A/Andreas-Naugerius-Opera-omnia-Venice-1754-118-178-and-323-358/118-thumb.jpg,Andreas-Naugerius-Opera-omnia-Venice-1754-118-178-and-323-358,LAT;IT,2018,3000,
https://skillnet.hum.uu.nl/data/A/Andreas-Naugerius-Opera-omnia-Venice-1754-118-178-and-323-358/119.jpg,https://skillnet.hum.uu.nl/data/A/Andreas-Naugerius-Opera-omnia-Venice-1754-118-178-and-323-358/119-thumb.jpg,Andreas-Naugerius-Opera-omnia-Venice-1754-118-178-and-323-358,LAT;IT,2011,3000,
https://skillnet.hum.uu.nl/data/A/Andreas-Naugerius-Opera-omnia-Venice-1754-118-178-and-323-358/120.jpg,https://skillnet.hum.uu.nl/data/A/Andreas-Naugerius-Opera-omnia-Venice-1754-118-178-and-323-358/120-thumb.jpg,Andreas-Naugerius-Opera-omnia-Venice-1754-118-178-and-323-358,LAT;IT,2036,3000,
https://skillnet.hum.uu.nl/data/A/Andreas-Naugerius-Opera-omnia-Venice-1754-118-178-and-323-358/121.jpg,https://skillnet.hum.uu.nl/data/A/Andreas-Naugerius-Opera-omnia-Venice-1754-118-178-and-323-358/121-thumb.jpg,Andreas-Naugerius-Opera-omnia-Venice-1754-118-178-and-323-358,LAT;IT,2000,3000,
https://skillnet.hum.uu.nl/data/A/Andreas-Naugerius-Opera-omnia-Venice-1754-118-178-and-323-358/122.jpg,https://skillnet.hum.uu.nl/data/A/Andreas-Naugerius-Opera-omnia-Venice-1754-118-178-and-323-358/122-thumb.jpg,Andreas-Naugerius-Opera-omnia-Venice-1754-118-178-and-323-358,LAT;IT,1983,3000,
https://skillnet.hum.uu.nl/data/A/Andreas-Naugerius-Opera-omnia-Venice-1754-118-178-and-323-358/123.jpg,https://skillnet.hum.uu.nl/data/A/Andreas-Naugerius-Opera-omnia-Venice-1754-118-178-and-323-358/123-thumb.jpg,Andreas-Naugerius-Opera-omnia-Venice-1754-118-178-and-323-358,LAT;IT,1983,3000,
https://skillnet.hum.uu.nl/data/A/Andreas-Naugerius-Opera-omnia-Venice-1754-118-178-and-323-358/124.jpg,https://skillnet.hum.uu.nl/data/A/Andreas-Naugerius-Opera-omnia-Venice-1754-118-178-and-323-358/124-thumb.jpg,Andreas-Naugerius-Opera-omnia-Venice-1754-118-178-and-323-358,LAT;IT,2031,3000,
https://skillnet.hum.uu.nl/data/A/Andreas-Naugerius-Opera-omnia-Venice-1754-118-178-and-323-358/125.jpg,https://skillnet.hum.uu.nl/data/A/Andreas-Naugerius-Opera-omnia-Venice-1754-118-178-and-323-358/125-thumb.jpg,Andreas-Naugerius-Opera-omnia-Venice-1754-118-178-and-323-358,LAT;IT,1999,3000,
https://skillnet.hum.uu.nl/data/A/Andreas-Naugerius-Opera-omnia-Venice-1754-118-178-and-323-358/126.jpg,https://skillnet.hum.uu.nl/data/A/Andreas-Naugerius-Opera-omnia-Venice-1754-118-178-and-323-358/126-thumb.jpg,Andreas-Naugerius-Opera-omnia-Venice-1754-118-178-and-323-358,LAT;IT,2018,3000,
https://skillnet.hum.uu.nl/data/A/Andreas-Naugerius-Opera-omnia-Venice-1754-118-178-and-323-358/127.jpg,https://skillnet.hum.uu.nl/data/A/Andreas-Naugerius-Opera-omnia-Venice-1754-118-178-and-323-358/127-thumb.jpg,Andreas-Naugerius-Opera-omnia-Venice-1754-118-178-and-323-358,LAT;IT,2000,3000,
https://skillnet.hum.uu.nl/data/A/Andreas-Naugerius-Opera-omnia-Venice-1754-118-178-and-323-358/128.jpg,https://skillnet.hum.uu.nl/data/A/Andreas-Naugerius-Opera-omnia-Venice-1754-118-178-and-323-358/128-thumb.jpg,Andreas-Naugerius-Opera-omnia-Venice-1754-118-178-and-323-358,LAT;IT,1992,3000,
https://skillnet.hum.uu.nl/data/A/Andreas-Naugerius-Opera-omnia-Venice-1754-118-178-and-323-358/129.jpg,https://skillnet.hum.uu.nl/data/A/Andreas-Naugerius-Opera-omnia-Venice-1754-118-178-and-323-358/129-thumb.jpg,Andreas-Naugerius-Opera-omnia-Venice-1754-118-178-and-323-358,LAT;IT,2003,3000,
https://skillnet.hum.uu.nl/data/A/Andreas-Naugerius-Opera-omnia-Venice-1754-118-178-and-323-358/130.jpg,https://skillnet.hum.uu.nl/data/A/Andreas-Naugerius-Opera-omnia-Venice-1754-118-178-and-323-358/130-thumb.jpg,Andreas-Naugerius-Opera-omnia-Venice-1754-118-178-and-323-358,LAT;IT,2016,3000,
https://skillnet.hum.uu.nl/data/A/Andreas-Naugerius-Opera-omnia-Venice-1754-118-178-and-323-358/131.jpg,https://skillnet.hum.uu.nl/data/A/Andreas-Naugerius-Opera-omnia-Venice-1754-118-178-and-323-358/131-thumb.jpg,Andreas-Naugerius-Opera-omnia-Venice-1754-118-178-and-323-358,LAT;IT,2021,3000,
https://skillnet.hum.uu.nl/data/A/Andreas-Naugerius-Opera-omnia-Venice-1754-118-178-and-323-358/132.jpg,https://skillnet.hum.uu.nl/data/A/Andreas-Naugerius-Opera-omnia-Venice-1754-118-178-and-323-358/132-thumb.jpg,Andreas-Naugerius-Opera-omnia-Venice-1754-118-178-and-323-358,LAT;IT,2023,3000,
https://skillnet.hum.uu.nl/data/A/Andreas-Naugerius-Opera-omnia-Venice-1754-118-178-and-323-358/133.jpg,https://skillnet.hum.uu.nl/data/A/Andreas-Naugerius-Opera-omnia-Venice-1754-118-178-and-323-358/133-thumb.jpg,Andreas-Naugerius-Opera-omnia-Venice-1754-118-178-and-323-358,LAT;IT,1975,3000,
https://skillnet.hum.uu.nl/data/A/Andreas-Naugerius-Opera-omnia-Venice-1754-118-178-and-323-358/134.jpg,https://skillnet.hum.uu.nl/data/A/Andreas-Naugerius-Opera-omnia-Venice-1754-118-178-and-323-358/134-thumb.jpg,Andreas-Naugerius-Opera-omnia-Venice-1754-118-178-and-323-358,LAT;IT,2060,3000,
https://skillnet.hum.uu.nl/data/A/Andreas-Naugerius-Opera-omnia-Venice-1754-118-178-and-323-358/135.jpg,https://skillnet.hum.uu.nl/data/A/Andreas-Naugerius-Opera-omnia-Venice-1754-118-178-and-323-358/135-thumb.jpg,Andreas-Naugerius-Opera-omnia-Venice-1754-118-178-and-323-358,LAT;IT,2008,3000,
https://skillnet.hum.uu.nl/data/A/Andreas-Naugerius-Opera-omnia-Venice-1754-118-178-and-323-358/136.jpg,https://skillnet.hum.uu.nl/data/A/Andreas-Naugerius-Opera-omnia-Venice-1754-118-178-and-323-358/136-thumb.jpg,Andreas-Naugerius-Opera-omnia-Venice-1754-118-178-and-323-358,LAT;IT,2024,3000,
https://skillnet.hum.uu.nl/data/A/Andreas-Naugerius-Opera-omnia-Venice-1754-118-178-and-323-358/137.jpg,https://skillnet.hum.uu.nl/data/A/Andreas-Naugerius-Opera-omnia-Venice-1754-118-178-and-323-358/137-thumb.jpg,Andreas-Naugerius-Opera-omnia-Venice-1754-118-178-and-323-358,LAT;IT,2019,3000,
https://skillnet.hum.uu.nl/data/A/Andreas-Naugerius-Opera-omnia-Venice-1754-118-178-and-323-358/138.jpg,https://skillnet.hum.uu.nl/data/A/Andreas-Naugerius-Opera-omnia-Venice-1754-118-178-and-323-358/138-thumb.jpg,Andreas-Naugerius-Opera-omnia-Venice-1754-118-178-and-323-358,LAT;IT,1991,3000,
https://skillnet.hum.uu.nl/data/A/Andreas-Naugerius-Opera-omnia-Venice-1754-118-178-and-323-358/139.jpg,https://skillnet.hum.uu.nl/data/A/Andreas-Naugerius-Opera-omnia-Venice-1754-118-178-and-323-358/139-thumb.jpg,Andreas-Naugerius-Opera-omnia-Venice-1754-118-178-and-323-358,LAT;IT,1990,3000,
https://skillnet.hum.uu.nl/data/A/Andreas-Naugerius-Opera-omnia-Venice-1754-118-178-and-323-358/140.jpg,https://skillnet.hum.uu.nl/data/A/Andreas-Naugerius-Opera-omnia-Venice-1754-118-178-and-323-358/140-thumb.jpg,Andreas-Naugerius-Opera-omnia-Venice-1754-118-178-and-323-358,LAT;IT,1973,3000,
https://skillnet.hum.uu.nl/data/A/Andreas-Naugerius-Opera-omnia-Venice-1754-118-178-and-323-358/141.jpg,https://skillnet.hum.uu.nl/data/A/Andreas-Naugerius-Opera-omnia-Venice-1754-118-178-and-323-358/141-thumb.jpg,Andreas-Naugerius-Opera-omnia-Venice-1754-118-178-and-323-358,LAT;IT,1981,3000,
https://skillnet.hum.uu.nl/data/A/Andreas-Naugerius-Opera-omnia-Venice-1754-118-178-and-323-358/142.jpg,https://skillnet.hum.uu.nl/data/A/Andreas-Naugerius-Opera-omnia-Venice-1754-118-178-and-323-358/142-thumb.jpg,Andreas-Naugerius-Opera-omnia-Venice-1754-118-178-and-323-358,LAT;IT,1971,3000,
https://skillnet.hum.uu.nl/data/A/Andreas-Naugerius-Opera-omnia-Venice-1754-118-178-and-323-358/143.jpg,https://skillnet.hum.uu.nl/data/A/Andreas-Naugerius-Opera-omnia-Venice-1754-118-178-and-323-358/143-thumb.jpg,Andreas-Naugerius-Opera-omnia-Venice-1754-118-178-and-323-358,LAT;IT,2009,3000,
https://skillnet.hum.uu.nl/data/A/Andreas-Naugerius-Opera-omnia-Venice-1754-118-178-and-323-358/144.jpg,https://skillnet.hum.uu.nl/data/A/Andreas-Naugerius-Opera-omnia-Venice-1754-118-178-and-323-358/144-thumb.jpg,Andreas-Naugerius-Opera-omnia-Venice-1754-118-178-and-323-358,LAT;IT,2017,3000,
https://skillnet.hum.uu.nl/data/A/Andreas-Naugerius-Opera-omnia-Venice-1754-118-178-and-323-358/145.jpg,https://skillnet.hum.uu.nl/data/A/Andreas-Naugerius-Opera-omnia-Venice-1754-118-178-and-323-358/145-thumb.jpg,Andreas-Naugerius-Opera-omnia-Venice-1754-118-178-and-323-358,LAT;IT,1998,3000,
https://skillnet.hum.uu.nl/data/A/Andreas-Naugerius-Opera-omnia-Venice-1754-118-178-and-323-358/146.jpg,https://skillnet.hum.uu.nl/data/A/Andreas-Naugerius-Opera-omnia-Venice-1754-118-178-and-323-358/146-thumb.jpg,Andreas-Naugerius-Opera-omnia-Venice-1754-118-178-and-323-358,LAT;IT,1984,3000,
https://skillnet.hum.uu.nl/data/A/Andreas-Naugerius-Opera-omnia-Venice-1754-118-178-and-323-358/147.jpg,https://skillnet.hum.uu.nl/data/A/Andreas-Naugerius-Opera-omnia-Venice-1754-118-178-and-323-358/147-thumb.jpg,Andreas-Naugerius-Opera-omnia-Venice-1754-118-178-and-323-358,LAT;IT,2014,3000,
https://skillnet.hum.uu.nl/data/A/Andreas-Naugerius-Opera-omnia-Venice-1754-118-178-and-323-358/148.jpg,https://skillnet.hum.uu.nl/data/A/Andreas-Naugerius-Opera-omnia-Venice-1754-118-178-and-323-358/148-thumb.jpg,Andreas-Naugerius-Opera-omnia-Venice-1754-118-178-and-323-358,LAT;IT,2002,3000,
https://skillnet.hum.uu.nl/data/A/Andreas-Naugerius-Opera-omnia-Venice-1754-118-178-and-323-358/149.jpg,https://skillnet.hum.uu.nl/data/A/Andreas-Naugerius-Opera-omnia-Venice-1754-118-178-and-323-358/149-thumb.jpg,Andreas-Naugerius-Opera-omnia-Venice-1754-118-178-and-323-358,LAT;IT,2038,3000,
https://skillnet.hum.uu.nl/data/A/Andreas-Naugerius-Opera-omnia-Venice-1754-118-178-and-323-358/150.jpg,https://skillnet.hum.uu.nl/data/A/Andreas-Naugerius-Opera-omnia-Venice-1754-118-178-and-323-358/150-thumb.jpg,Andreas-Naugerius-Opera-omnia-Venice-1754-118-178-and-323-358,LAT;IT,1983,3000,
https://skillnet.hum.uu.nl/data/A/Andreas-Naugerius-Opera-omnia-Venice-1754-118-178-and-323-358/151.jpg,https://skillnet.hum.uu.nl/data/A/Andreas-Naugerius-Opera-omnia-Venice-1754-118-178-and-323-358/151-thumb.jpg,Andreas-Naugerius-Opera-omnia-Venice-1754-118-178-and-323-358,LAT;IT,1997,3000,
https://skillnet.hum.uu.nl/data/A/Andreas-Naugerius-Opera-omnia-Venice-1754-118-178-and-323-358/152.jpg,https://skillnet.hum.uu.nl/data/A/Andreas-Naugerius-Opera-omnia-Venice-1754-118-178-and-323-358/152-thumb.jpg,Andreas-Naugerius-Opera-omnia-Venice-1754-118-178-and-323-358,LAT;IT,1995,3000,
https://skillnet.hum.uu.nl/data/A/Andreas-Naugerius-Opera-omnia-Venice-1754-118-178-and-323-358/153.jpg,https://skillnet.hum.uu.nl/data/A/Andreas-Naugerius-Opera-omnia-Venice-1754-118-178-and-323-358/153-thumb.jpg,Andreas-Naugerius-Opera-omnia-Venice-1754-118-178-and-323-358,LAT;IT,2009,3000,
https://skillnet.hum.uu.nl/data/A/Andreas-Naugerius-Opera-omnia-Venice-1754-118-178-and-323-358/154.jpg,https://skillnet.hum.uu.nl/data/A/Andreas-Naugerius-Opera-omnia-Venice-1754-118-178-and-323-358/154-thumb.jpg,Andreas-Naugerius-Opera-omnia-Venice-1754-118-178-and-323-358,LAT;IT,1992,3000,
https://skillnet.hum.uu.nl/data/A/Andreas-Naugerius-Opera-omnia-Venice-1754-118-178-and-323-358/155.jpg,https://skillnet.hum.uu.nl/data/A/Andreas-Naugerius-Opera-omnia-Venice-1754-118-178-and-323-358/155-thumb.jpg,Andreas-Naugerius-Opera-omnia-Venice-1754-118-178-and-323-358,LAT;IT,1978,3000,
https://skillnet.hum.uu.nl/data/A/Andreas-Naugerius-Opera-omnia-Venice-1754-118-178-and-323-358/156.jpg,https://skillnet.hum.uu.nl/data/A/Andreas-Naugerius-Opera-omnia-Venice-1754-118-178-and-323-358/156-thumb.jpg,Andreas-Naugerius-Opera-omnia-Venice-1754-118-178-and-323-358,LAT;IT,1973,3000,
https://skillnet.hum.uu.nl/data/A/Andreas-Naugerius-Opera-omnia-Venice-1754-118-178-and-323-358/157.jpg,https://skillnet.hum.uu.nl/data/A/Andreas-Naugerius-Opera-omnia-Venice-1754-118-178-and-323-358/157-thumb.jpg,Andreas-Naugerius-Opera-omnia-Venice-1754-118-178-and-323-358,LAT;IT,1997,3000,
https://skillnet.hum.uu.nl/data/A/Andreas-Naugerius-Opera-omnia-Venice-1754-118-178-and-323-358/158.jpg,https://skillnet.hum.uu.nl/data/A/Andreas-Naugerius-Opera-omnia-Venice-1754-118-178-and-323-358/158-thumb.jpg,Andreas-Naugerius-Opera-omnia-Venice-1754-118-178-and-323-358,LAT;IT,1987,3000,
https://skillnet.hum.uu.nl/data/A/Andreas-Naugerius-Opera-omnia-Venice-1754-118-178-and-323-358/159.jpg,https://skillnet.hum.uu.nl/data/A/Andreas-Naugerius-Opera-omnia-Venice-1754-118-178-and-323-358/159-thumb.jpg,Andreas-Naugerius-Opera-omnia-Venice-1754-118-178-and-323-358,LAT;IT,1989,3000,
https://skillnet.hum.uu.nl/data/A/Andreas-Naugerius-Opera-omnia-Venice-1754-118-178-and-323-358/160.jpg,https://skillnet.hum.uu.nl/data/A/Andreas-Naugerius-Opera-omnia-Venice-1754-118-178-and-323-358/160-thumb.jpg,Andreas-Naugerius-Opera-omnia-Venice-1754-118-178-and-323-358,LAT;IT,1990,3000,
https://skillnet.hum.uu.nl/data/A/Andreas-Naugerius-Opera-omnia-Venice-1754-118-178-and-323-358/161.jpg,https://skillnet.hum.uu.nl/data/A/Andreas-Naugerius-Opera-omnia-Venice-1754-118-178-and-323-358/161-thumb.jpg,Andreas-Naugerius-Opera-omnia-Venice-1754-118-178-and-323-358,LAT;IT,2006,3000,
https://skillnet.hum.uu.nl/data/A/Andreas-Naugerius-Opera-omnia-Venice-1754-118-178-and-323-358/162.jpg,https://skillnet.hum.uu.nl/data/A/Andreas-Naugerius-Opera-omnia-Venice-1754-118-178-and-323-358/162-thumb.jpg,Andreas-Naugerius-Opera-omnia-Venice-1754-118-178-and-323-358,LAT;IT,2002,3000,
https://skillnet.hum.uu.nl/data/A/Andreas-Naugerius-Opera-omnia-Venice-1754-118-178-and-323-358/163.jpg,https://skillnet.hum.uu.nl/data/A/Andreas-Naugerius-Opera-omnia-Venice-1754-118-178-and-323-358/163-thumb.jpg,Andreas-Naugerius-Opera-omnia-Venice-1754-118-178-and-323-358,LAT;IT,2031,3000,
https://skillnet.hum.uu.nl/data/A/Andreas-Naugerius-Opera-omnia-Venice-1754-118-178-and-323-358/164.jpg,https://skillnet.hum.uu.nl/data/A/Andreas-Naugerius-Opera-omnia-Venice-1754-118-178-and-323-358/164-thumb.jpg,Andreas-Naugerius-Opera-omnia-Venice-1754-118-178-and-323-358,LAT;IT,2037,3000,
https://skillnet.hum.uu.nl/data/A/Andreas-Naugerius-Opera-omnia-Venice-1754-118-178-and-323-358/165.jpg,https://skillnet.hum.uu.nl/data/A/Andreas-Naugerius-Opera-omnia-Venice-1754-118-178-and-323-358/165-thumb.jpg,Andreas-Naugerius-Opera-omnia-Venice-1754-118-178-and-323-358,LAT;IT,2019,3000,
https://skillnet.hum.uu.nl/data/A/Andreas-Naugerius-Opera-omnia-Venice-1754-118-178-and-323-358/166.jpg,https://skillnet.hum.uu.nl/data/A/Andreas-Naugerius-Opera-omnia-Venice-1754-118-178-and-323-358/166-thumb.jpg,Andreas-Naugerius-Opera-omnia-Venice-1754-118-178-and-323-358,LAT;IT,2003,3000,
https://skillnet.hum.uu.nl/data/A/Andreas-Naugerius-Opera-omnia-Venice-1754-118-178-and-323-358/167.jpg,https://skillnet.hum.uu.nl/data/A/Andreas-Naugerius-Opera-omnia-Venice-1754-118-178-and-323-358/167-thumb.jpg,Andreas-Naugerius-Opera-omnia-Venice-1754-118-178-and-323-358,LAT;IT,2008,3000,
https://skillnet.hum.uu.nl/data/A/Andreas-Naugerius-Opera-omnia-Venice-1754-118-178-and-323-358/168.jpg,https://skillnet.hum.uu.nl/data/A/Andreas-Naugerius-Opera-omnia-Venice-1754-118-178-and-323-358/168-thumb.jpg,Andreas-Naugerius-Opera-omnia-Venice-1754-118-178-and-323-358,LAT;IT,2004,3000,
https://skillnet.hum.uu.nl/data/A/Andreas-Naugerius-Opera-omnia-Venice-1754-118-178-and-323-358/169.jpg,https://skillnet.hum.uu.nl/data/A/Andreas-Naugerius-Opera-omnia-Venice-1754-118-178-and-323-358/169-thumb.jpg,Andreas-Naugerius-Opera-omnia-Venice-1754-118-178-and-323-358,LAT;IT,2001,3000,
https://skillnet.hum.uu.nl/data/A/Andreas-Naugerius-Opera-omnia-Venice-1754-118-178-and-323-358/170.jpg,https://skillnet.hum.uu.nl/data/A/Andreas-Naugerius-Opera-omnia-Venice-1754-118-178-and-323-358/170-thumb.jpg,Andreas-Naugerius-Opera-omnia-Venice-1754-118-178-and-323-358,LAT;IT,2015,3000,
https://skillnet.hum.uu.nl/data/A/Andreas-Naugerius-Opera-omnia-Venice-1754-118-178-and-323-358/171.jpg,https://skillnet.hum.uu.nl/data/A/Andreas-Naugerius-Opera-omnia-Venice-1754-118-178-and-323-358/171-thumb.jpg,Andreas-Naugerius-Opera-omnia-Venice-1754-118-178-and-323-358,LAT;IT,2017,3000,
https://skillnet.hum.uu.nl/data/A/Andreas-Naugerius-Opera-omnia-Venice-1754-118-178-and-323-358/172.jpg,https://skillnet.hum.uu.nl/data/A/Andreas-Naugerius-Opera-omnia-Venice-1754-118-178-and-323-358/172-thumb.jpg,Andreas-Naugerius-Opera-omnia-Venice-1754-118-178-and-323-358,LAT;IT,1973,3000,
https://skillnet.hum.uu.nl/data/A/Andreas-Naugerius-Opera-omnia-Venice-1754-118-178-and-323-358/173.jpg,https://skillnet.hum.uu.nl/data/A/Andreas-Naugerius-Opera-omnia-Venice-1754-118-178-and-323-358/173-thumb.jpg,Andreas-Naugerius-Opera-omnia-Venice-1754-118-178-and-323-358,LAT;IT,2031,3000,
https://skillnet.hum.uu.nl/data/A/Andreas-Naugerius-Opera-omnia-Venice-1754-118-178-and-323-358/174.jpg,https://skillnet.hum.uu.nl/data/A/Andreas-Naugerius-Opera-omnia-Venice-1754-118-178-and-323-358/174-thumb.jpg,Andreas-Naugerius-Opera-omnia-Venice-1754-118-178-and-323-358,LAT;IT,1985,3000,
https://skillnet.hum.uu.nl/data/A/Andreas-Naugerius-Opera-omnia-Venice-1754-118-178-and-323-358/175.jpg,https://skillnet.hum.uu.nl/data/A/Andreas-Naugerius-Opera-omnia-Venice-1754-118-178-and-323-358/175-thumb.jpg,Andreas-Naugerius-Opera-omnia-Venice-1754-118-178-and-323-358,LAT;IT,2023,3000,
https://skillnet.hum.uu.nl/data/A/Andreas-Naugerius-Opera-omnia-Venice-1754-118-178-and-323-358/176.jpg,https://skillnet.hum.uu.nl/data/A/Andreas-Naugerius-Opera-omnia-Venice-1754-118-178-and-323-358/176-thumb.jpg,Andreas-Naugerius-Opera-omnia-Venice-1754-118-178-and-323-358,LAT;IT,2004,3000,
https://skillnet.hum.uu.nl/data/A/Andreas-Naugerius-Opera-omnia-Venice-1754-118-178-and-323-358/177.jpg,https://skillnet.hum.uu.nl/data/A/Andreas-Naugerius-Opera-omnia-Venice-1754-118-178-and-323-358/177-thumb.jpg,Andreas-Naugerius-Opera-omnia-Venice-1754-118-178-and-323-358,LAT;IT,2001,3000,
https://skillnet.hum.uu.nl/data/A/Andreas-Naugerius-Opera-omnia-Venice-1754-118-178-and-323-358/178.jpg,https://skillnet.hum.uu.nl/data/A/Andreas-Naugerius-Opera-omnia-Venice-1754-118-178-and-323-358/178-thumb.jpg,Andreas-Naugerius-Opera-omnia-Venice-1754-118-178-and-323-358,LAT;IT,1990,3000,
https://skillnet.hum.uu.nl/data/A/Andreas-Naugerius-Opera-omnia-Venice-1754-118-178-and-323-358/323.jpg,https://skillnet.hum.uu.nl/data/A/Andreas-Naugerius-Opera-omnia-Venice-1754-118-178-and-323-358/323-thumb.jpg,Andreas-Naugerius-Opera-omnia-Venice-1754-118-178-and-323-358,LAT;IT,2014,3000,
https://skillnet.hum.uu.nl/data/A/Andreas-Naugerius-Opera-omnia-Venice-1754-118-178-and-323-358/324.jpg,https://skillnet.hum.uu.nl/data/A/Andreas-Naugerius-Opera-omnia-Venice-1754-118-178-and-323-358/324-thumb.jpg,Andreas-Naugerius-Opera-omnia-Venice-1754-118-178-and-323-358,LAT;IT,2005,3000,
https://skillnet.hum.uu.nl/data/A/Andreas-Naugerius-Opera-omnia-Venice-1754-118-178-and-323-358/325.jpg,https://skillnet.hum.uu.nl/data/A/Andreas-Naugerius-Opera-omnia-Venice-1754-118-178-and-323-358/325-thumb.jpg,Andreas-Naugerius-Opera-omnia-Venice-1754-118-178-and-323-358,LAT;IT,1990,3000,
https://skillnet.hum.uu.nl/data/A/Andreas-Naugerius-Opera-omnia-Venice-1754-118-178-and-323-358/326.jpg,https://skillnet.hum.uu.nl/data/A/Andreas-Naugerius-Opera-omnia-Venice-1754-118-178-and-323-358/326-thumb.jpg,Andreas-Naugerius-Opera-omnia-Venice-1754-118-178-and-323-358,LAT;IT,1964,3000,
https://skillnet.hum.uu.nl/data/A/Andreas-Naugerius-Opera-omnia-Venice-1754-118-178-and-323-358/327.jpg,https://skillnet.hum.uu.nl/data/A/Andreas-Naugerius-Opera-omnia-Venice-1754-118-178-and-323-358/327-thumb.jpg,Andreas-Naugerius-Opera-omnia-Venice-1754-118-178-and-323-358,LAT;IT,1955,3000,
https://skillnet.hum.uu.nl/data/A/Andreas-Naugerius-Opera-omnia-Venice-1754-118-178-and-323-358/328.jpg,https://skillnet.hum.uu.nl/data/A/Andreas-Naugerius-Opera-omnia-Venice-1754-118-178-and-323-358/328-thumb.jpg,Andreas-Naugerius-Opera-omnia-Venice-1754-118-178-and-323-358,LAT;IT,1976,3000,
https://skillnet.hum.uu.nl/data/A/Andreas-Naugerius-Opera-omnia-Venice-1754-118-178-and-323-358/329.jpg,https://skillnet.hum.uu.nl/data/A/Andreas-Naugerius-Opera-omnia-Venice-1754-118-178-and-323-358/329-thumb.jpg,Andreas-Naugerius-Opera-omnia-Venice-1754-118-178-and-323-358,LAT;IT,1954,3000,
https://skillnet.hum.uu.nl/data/A/Andreas-Naugerius-Opera-omnia-Venice-1754-118-178-and-323-358/330.jpg,https://skillnet.hum.uu.nl/data/A/Andreas-Naugerius-Opera-omnia-Venice-1754-118-178-and-323-358/330-thumb.jpg,Andreas-Naugerius-Opera-omnia-Venice-1754-118-178-and-323-358,LAT;IT,1976,3000,
https://skillnet.hum.uu.nl/data/A/Andreas-Naugerius-Opera-omnia-Venice-1754-118-178-and-323-358/331.jpg,https://skillnet.hum.uu.nl/data/A/Andreas-Naugerius-Opera-omnia-Venice-1754-118-178-and-323-358/331-thumb.jpg,Andreas-Naugerius-Opera-omnia-Venice-1754-118-178-and-323-358,LAT;IT,1983,3000,
https://skillnet.hum.uu.nl/data/A/Andreas-Naugerius-Opera-omnia-Venice-1754-118-178-and-323-358/332.jpg,https://skillnet.hum.uu.nl/data/A/Andreas-Naugerius-Opera-omnia-Venice-1754-118-178-and-323-358/332-thumb.jpg,Andreas-Naugerius-Opera-omnia-Venice-1754-118-178-and-323-358,LAT;IT,1951,3000,
https://skillnet.hum.uu.nl/data/A/Andreas-Naugerius-Opera-omnia-Venice-1754-118-178-and-323-358/333.jpg,https://skillnet.hum.uu.nl/data/A/Andreas-Naugerius-Opera-omnia-Venice-1754-118-178-and-323-358/333-thumb.jpg,Andreas-Naugerius-Opera-omnia-Venice-1754-118-178-and-323-358,LAT;IT,1983,3000,
https://skillnet.hum.uu.nl/data/A/Andreas-Naugerius-Opera-omnia-Venice-1754-118-178-and-323-358/334.jpg,https://skillnet.hum.uu.nl/data/A/Andreas-Naugerius-Opera-omnia-Venice-1754-118-178-and-323-358/334-thumb.jpg,Andreas-Naugerius-Opera-omnia-Venice-1754-118-178-and-323-358,LAT;IT,1930,3000,
https://skillnet.hum.uu.nl/data/A/Andreas-Naugerius-Opera-omnia-Venice-1754-118-178-and-323-358/335.jpg,https://skillnet.hum.uu.nl/data/A/Andreas-Naugerius-Opera-omnia-Venice-1754-118-178-and-323-358/335-thumb.jpg,Andreas-Naugerius-Opera-omnia-Venice-1754-118-178-and-323-358,LAT;IT,1947,3000,
https://skillnet.hum.uu.nl/data/A/Andreas-Naugerius-Opera-omnia-Venice-1754-118-178-and-323-358/336.jpg,https://skillnet.hum.uu.nl/data/A/Andreas-Naugerius-Opera-omnia-Venice-1754-118-178-and-323-358/336-thumb.jpg,Andreas-Naugerius-Opera-omnia-Venice-1754-118-178-and-323-358,LAT;IT,2006,3000,
https://skillnet.hum.uu.nl/data/A/Andreas-Naugerius-Opera-omnia-Venice-1754-118-178-and-323-358/337.jpg,https://skillnet.hum.uu.nl/data/A/Andreas-Naugerius-Opera-omnia-Venice-1754-118-178-and-323-358/337-thumb.jpg,Andreas-Naugerius-Opera-omnia-Venice-1754-118-178-and-323-358,LAT;IT,1996,3000,
https://skillnet.hum.uu.nl/data/A/Andreas-Naugerius-Opera-omnia-Venice-1754-118-178-and-323-358/338.jpg,https://skillnet.hum.uu.nl/data/A/Andreas-Naugerius-Opera-omnia-Venice-1754-118-178-and-323-358/338-thumb.jpg,Andreas-Naugerius-Opera-omnia-Venice-1754-118-178-and-323-358,LAT;IT,1984,3000,
https://skillnet.hum.uu.nl/data/A/Andreas-Naugerius-Opera-omnia-Venice-1754-118-178-and-323-358/339.jpg,https://skillnet.hum.uu.nl/data/A/Andreas-Naugerius-Opera-omnia-Venice-1754-118-178-and-323-358/339-thumb.jpg,Andreas-Naugerius-Opera-omnia-Venice-1754-118-178-and-323-358,LAT;IT,1969,3000,
https://skillnet.hum.uu.nl/data/A/Andreas-Naugerius-Opera-omnia-Venice-1754-118-178-and-323-358/340.jpg,https://skillnet.hum.uu.nl/data/A/Andreas-Naugerius-Opera-omnia-Venice-1754-118-178-and-323-358/340-thumb.jpg,Andreas-Naugerius-Opera-omnia-Venice-1754-118-178-and-323-358,LAT;IT,2006,3000,
https://skillnet.hum.uu.nl/data/A/Andreas-Naugerius-Opera-omnia-Venice-1754-118-178-and-323-358/341.jpg,https://skillnet.hum.uu.nl/data/A/Andreas-Naugerius-Opera-omnia-Venice-1754-118-178-and-323-358/341-thumb.jpg,Andreas-Naugerius-Opera-omnia-Venice-1754-118-178-and-323-358,LAT;IT,2008,3000,
https://skillnet.hum.uu.nl/data/A/Andreas-Naugerius-Opera-omnia-Venice-1754-118-178-and-323-358/342.jpg,https://skillnet.hum.uu.nl/data/A/Andreas-Naugerius-Opera-omnia-Venice-1754-118-178-and-323-358/342-thumb.jpg,Andreas-Naugerius-Opera-omnia-Venice-1754-118-178-and-323-358,LAT;IT,1970,3000,
https://skillnet.hum.uu.nl/data/A/Andreas-Naugerius-Opera-omnia-Venice-1754-118-178-and-323-358/343.jpg,https://skillnet.hum.uu.nl/data/A/Andreas-Naugerius-Opera-omnia-Venice-1754-118-178-and-323-358/343-thumb.jpg,Andreas-Naugerius-Opera-omnia-Venice-1754-118-178-and-323-358,LAT;IT,2014,3000,
https://skillnet.hum.uu.nl/data/A/Andreas-Naugerius-Opera-omnia-Venice-1754-118-178-and-323-358/344.jpg,https://skillnet.hum.uu.nl/data/A/Andreas-Naugerius-Opera-omnia-Venice-1754-118-178-and-323-358/344-thumb.jpg,Andreas-Naugerius-Opera-omnia-Venice-1754-118-178-and-323-358,LAT;IT,1965,3000,
https://skillnet.hum.uu.nl/data/A/Andreas-Naugerius-Opera-omnia-Venice-1754-118-178-and-323-358/345.jpg,https://skillnet.hum.uu.nl/data/A/Andreas-Naugerius-Opera-omnia-Venice-1754-118-178-and-323-358/345-thumb.jpg,Andreas-Naugerius-Opera-omnia-Venice-1754-118-178-and-323-358,LAT;IT,2021,3000,
https://skillnet.hum.uu.nl/data/A/Andreas-Naugerius-Opera-omnia-Venice-1754-118-178-and-323-358/346.jpg,https://skillnet.hum.uu.nl/data/A/Andreas-Naugerius-Opera-omnia-Venice-1754-118-178-and-323-358/346-thumb.jpg,Andreas-Naugerius-Opera-omnia-Venice-1754-118-178-and-323-358,LAT;IT,2000,3000,
https://skillnet.hum.uu.nl/data/A/Andreas-Naugerius-Opera-omnia-Venice-1754-118-178-and-323-358/347.jpg,https://skillnet.hum.uu.nl/data/A/Andreas-Naugerius-Opera-omnia-Venice-1754-118-178-and-323-358/347-thumb.jpg,Andreas-Naugerius-Opera-omnia-Venice-1754-118-178-and-323-358,LAT;IT,2015,3000,
https://skillnet.hum.uu.nl/data/A/Andreas-Naugerius-Opera-omnia-Venice-1754-118-178-and-323-358/348.jpg,https://skillnet.hum.uu.nl/data/A/Andreas-Naugerius-Opera-omnia-Venice-1754-118-178-and-323-358/348-thumb.jpg,Andreas-Naugerius-Opera-omnia-Venice-1754-118-178-and-323-358,LAT;IT,1973,3000,
https://skillnet.hum.uu.nl/data/A/Andreas-Naugerius-Opera-omnia-Venice-1754-118-178-and-323-358/349.jpg,https://skillnet.hum.uu.nl/data/A/Andreas-Naugerius-Opera-omnia-Venice-1754-118-178-and-323-358/349-thumb.jpg,Andreas-Naugerius-Opera-omnia-Venice-1754-118-178-and-323-358,LAT;IT,2010,3000,
https://skillnet.hum.uu.nl/data/A/Andreas-Naugerius-Opera-omnia-Venice-1754-118-178-and-323-358/350.jpg,https://skillnet.hum.uu.nl/data/A/Andreas-Naugerius-Opera-omnia-Venice-1754-118-178-and-323-358/350-thumb.jpg,Andreas-Naugerius-Opera-omnia-Venice-1754-118-178-and-323-358,LAT;IT,1980,3000,
https://skillnet.hum.uu.nl/data/A/Andreas-Naugerius-Opera-omnia-Venice-1754-118-178-and-323-358/351.jpg,https://skillnet.hum.uu.nl/data/A/Andreas-Naugerius-Opera-omnia-Venice-1754-118-178-and-323-358/351-thumb.jpg,Andreas-Naugerius-Opera-omnia-Venice-1754-118-178-and-323-358,LAT;IT,2019,3000,
https://skillnet.hum.uu.nl/data/A/Andreas-Naugerius-Opera-omnia-Venice-1754-118-178-and-323-358/352.jpg,https://skillnet.hum.uu.nl/data/A/Andreas-Naugerius-Opera-omnia-Venice-1754-118-178-and-323-358/352-thumb.jpg,Andreas-Naugerius-Opera-omnia-Venice-1754-118-178-and-323-358,LAT;IT,1974,3000,
https://skillnet.hum.uu.nl/data/A/Andreas-Naugerius-Opera-omnia-Venice-1754-118-178-and-323-358/353.jpg,https://skillnet.hum.uu.nl/data/A/Andreas-Naugerius-Opera-omnia-Venice-1754-118-178-and-323-358/353-thumb.jpg,Andreas-Naugerius-Opera-omnia-Venice-1754-118-178-and-323-358,LAT;IT,2006,3000,
https://skillnet.hum.uu.nl/data/A/Andreas-Naugerius-Opera-omnia-Venice-1754-118-178-and-323-358/354.jpg,https://skillnet.hum.uu.nl/data/A/Andreas-Naugerius-Opera-omnia-Venice-1754-118-178-and-323-358/354-thumb.jpg,Andreas-Naugerius-Opera-omnia-Venice-1754-118-178-and-323-358,LAT;IT,1977,3000,
https://skillnet.hum.uu.nl/data/A/Andreas-Naugerius-Opera-omnia-Venice-1754-118-178-and-323-358/355.jpg,https://skillnet.hum.uu.nl/data/A/Andreas-Naugerius-Opera-omnia-Venice-1754-118-178-and-323-358/355-thumb.jpg,Andreas-Naugerius-Opera-omnia-Venice-1754-118-178-and-323-358,LAT;IT,1980,3000,
https://skillnet.hum.uu.nl/data/A/Andreas-Naugerius-Opera-omnia-Venice-1754-118-178-and-323-358/356.jpg,https://skillnet.hum.uu.nl/data/A/Andreas-Naugerius-Opera-omnia-Venice-1754-118-178-and-323-358/356-thumb.jpg,Andreas-Naugerius-Opera-omnia-Venice-1754-118-178-and-323-358,LAT;IT,1979,3000,
https://skillnet.hum.uu.nl/data/A/Andreas-Naugerius-Opera-omnia-Venice-1754-118-178-and-323-358/357.jpg,https://skillnet.hum.uu.nl/data/A/Andreas-Naugerius-Opera-omnia-Venice-1754-118-178-and-323-358/357-thumb.jpg,Andreas-Naugerius-Opera-omnia-Venice-1754-118-178-and-323-358,LAT;IT,2009,3000,
https://skillnet.hum.uu.nl/data/A/Andreas-Naugerius-Opera-omnia-Venice-1754-118-178-and-323-358/358.jpg,https://skillnet.hum.uu.nl/data/A/Andreas-Naugerius-Opera-omnia-Venice-1754-118-178-and-323-358/358-thumb.jpg,Andreas-Naugerius-Opera-omnia-Venice-1754-118-178-and-323-358,LAT;IT,1996,3000,
